{"type":"FeatureCollection","features":[{"type":"Feature","properties":{"h3_id":"878c12b4dffffff","center_lat":-6.102649328598845,"center_lon":106.84759177104578,"in_aoa":false,"dist_km":9.58},"geometry":{"type":"Polygon","coordinates":[[[106.86002,-6.10571],[106.85711,-6.09355],[106.84468,-6.09049],[106.83516,-6.09959],[106.83808,-6.11174],[106.85051,-6.1148],[106.86002,-6.10571]]]}},{"type":"Feature","properties":{"h3_id":"878c104c5ffffff","center_lat":-6.2121612772385015,"center_lon":107.01406391039615,"in_aoa":true,"dist_km":12.82},"geometry":{"type":"Polygon","coordinates":[[[107.02647,-6.21521],[107.02357,-6.20308],[107.01116,-6.20003],[107.00166,-6.20911],[107.00456,-6.22125],[107.01697,-6.22429],[107.02647,-6.21521]]]}},{"type":"Feature","properties":{"h3_id":"878c12b64ffffff","center_lat":-6.151406197356127,"center_lon":106.95279181256434,"in_aoa":true,"dist_km":5.03},"geometry":{"type":"Polygon","coordinates":[[[106.96521,-6.15446],[106.9623,-6.14232],[106.94988,-6.13926],[106.94037,-6.14835],[106.94328,-6.1605],[106.9557,-6.16355],[106.96521,-6.15446]]]}},{"type":"Feature","properties":{"h3_id":"878c10448ffffff","center_lat":-6.336322783304881,"center_lon":106.9153292331378,"in_aoa":true,"dist_km":6.41},"geometry":{"type":"Polygon","coordinates":[[[106.92774,-6.33936],[106.92483,-6.32724],[106.91242,-6.3242],[106.90292,-6.33328],[106.90583,-6.3454],[106.91824,-6.34844],[106.92774,-6.33936]]]}},{"type":"Feature","properties":{"h3_id":"878c10792ffffff","center_lat":-6.16347828223254,"center_lon":106.90893754890132,"in_aoa":true,"dist_km":0.0},"geometry":{"type":"Polygon","coordinates":[[[106.92136,-6.16653],[106.91845,-6.15439],[106.90603,-6.15133],[106.89652,-6.16042],[106.89943,-6.17257],[106.91185,-6.17562],[106.92136,-6.16653]]]}},{"type":"Feature","properties":{"h3_id":"878c104dcffffff","center_lat":-6.154526952294229,"center_lon":107.01195294717543,"in_aoa":true,"dist_km":11.43},"geometry":{"type":"Polygon","coordinates":[[[107.02436,-6.15758],[107.02146,-6.14544],[107.00905,-6.14239],[106.99954,-6.15148],[107.00245,-6.16362],[107.01486,-6.16667],[107.02436,-6.15758]]]}},{"type":"Feature","properties":{"h3_id":"878c10681ffffff","center_lat":-6.1328129401968745,"center_lon":106.73785354903238,"in_aoa":true,"dist_km":8.34},"geometry":{"type":"Polygon","coordinates":[[[106.75029,-6.13587],[106.74737,-6.12372],[106.73493,-6.12066],[106.72542,-6.12975],[106.72834,-6.14191],[106.74077,-6.14497],[106.75029,-6.13587]]]}},{"type":"Feature","properties":{"h3_id":"878c106d0ffffff","center_lat":-6.120458025338733,"center_lon":106.64124266601932,"in_aoa":false,"dist_km":15.78},"geometry":{"type":"Polygon","coordinates":[[[106.65369,-6.12352],[106.65076,-6.11136],[106.63832,-6.10829],[106.6288,-6.11739],[106.63172,-6.12955],[106.64417,-6.13262],[106.65369,-6.12352]]]}},{"type":"Feature","properties":{"h3_id":"878c10715ffffff","center_lat":-6.354434860790697,"center_lon":106.84956865785638,"in_aoa":true,"dist_km":5.03},"geometry":{"type":"Polygon","coordinates":[[[106.86199,-6.35748],[106.85907,-6.34536],[106.84666,-6.34231],[106.83715,-6.35139],[106.84006,-6.36351],[106.85248,-6.36656],[106.86199,-6.35748]]]}},{"type":"Feature","properties":{"h3_id":"878c10604ffffff","center_lat":-6.29062896007162,"center_lon":106.72899806541598,"in_aoa":true,"dist_km":9.88},"geometry":{"type":"Polygon","coordinates":[[[106.74143,-6.29368],[106.73851,-6.28154],[106.72608,-6.27849],[106.71657,-6.28758],[106.71949,-6.29971],[106.73192,-6.30276],[106.74143,-6.29368]]]}},{"type":"Feature","properties":{"h3_id":"878c107a9ffffff","center_lat":-6.287709857410211,"center_lon":106.81015902172811,"in_aoa":true,"dist_km":8.78},"geometry":{"type":"Polygon","coordinates":[[[106.82258,-6.29076],[106.81967,-6.27863],[106.80724,-6.27558],[106.79773,-6.28466],[106.80065,-6.29679],[106.81307,-6.29984],[106.82258,-6.29076]]]}},{"type":"Feature","properties":{"h3_id":"878c10698ffffff","center_lat":-6.075076757326155,"center_lon":106.73568712593239,"in_aoa":false,"dist_km":14.69},"geometry":{"type":"Polygon","coordinates":[[[106.74813,-6.07814],[106.74521,-6.06598],[106.73277,-6.06291],[106.72325,-6.07201],[106.72617,-6.08417],[106.73861,-6.08724],[106.74813,-6.07814]]]}},{"type":"Feature","properties":{"h3_id":"878c1061bffffff","center_lat":-6.208610237180358,"center_lon":106.67416081261628,"in_aoa":true,"dist_km":8.98},"geometry":{"type":"Polygon","coordinates":[[[106.6866,-6.21167],[106.68368,-6.19952],[106.67124,-6.19646],[106.66172,-6.20555],[106.66464,-6.2177],[106.67708,-6.22076],[106.6866,-6.21167]]]}},{"type":"Feature","properties":{"h3_id":"878c10632ffffff","center_lat":-6.257339609687573,"center_lon":106.77947450600087,"in_aoa":true,"dist_km":6.33},"geometry":{"type":"Polygon","coordinates":[[[106.7919,-6.26039],[106.78899,-6.24825],[106.77656,-6.2452],[106.76705,-6.25429],[106.76996,-6.26643],[106.78239,-6.26948],[106.7919,-6.26039]]]}},{"type":"Feature","properties":{"h3_id":"878c12b43ffffff","center_lat":-6.069330130878009,"center_lon":106.89807105685168,"in_aoa":false,"dist_km":10.54},"geometry":{"type":"Polygon","coordinates":[[[106.9105,-6.07239],[106.90758,-6.06023],[106.89516,-6.05717],[106.88565,-6.06627],[106.88856,-6.07843],[106.90098,-6.08149],[106.9105,-6.07239]]]}},{"type":"Feature","properties":{"h3_id":"878c106f4ffffff","center_lat":-6.187369147112533,"center_lon":106.6807538345442,"in_aoa":true,"dist_km":8.5},"geometry":{"type":"Polygon","coordinates":[[[106.69319,-6.19043],[106.69027,-6.17828],[106.67783,-6.17522],[106.66831,-6.18431],[106.67124,-6.19646],[106.68368,-6.19952],[106.69319,-6.19043]]]}},{"type":"Feature","properties":{"h3_id":"878c10788ffffff","center_lat":-6.23007993068619,"center_lon":106.8080080419556,"in_aoa":true,"dist_km":4.94},"geometry":{"type":"Polygon","coordinates":[[[106.82043,-6.23313],[106.81752,-6.22099],[106.80509,-6.21794],[106.79558,-6.22703],[106.7985,-6.23917],[106.81092,-6.24222],[106.82043,-6.23313]]]}},{"type":"Feature","properties":{"h3_id":"878c12b71ffffff","center_lat":-6.093723563087719,"center_lon":106.9506682557018,"in_aoa":false,"dist_km":9.03},"geometry":{"type":"Polygon","coordinates":[[[106.96309,-6.09678],[106.96018,-6.08463],[106.94776,-6.08157],[106.93825,-6.09067],[106.94116,-6.10282],[106.95358,-6.10587],[106.96309,-6.09678]]]}},{"type":"Feature","properties":{"h3_id":"878c12a60ffffff","center_lat":-6.029686797252011,"center_lon":106.83009967353388,"in_aoa":false,"dist_km":17.24},"geometry":{"type":"Polygon","coordinates":[[[106.84253,-6.03275],[106.83962,-6.02059],[106.82718,-6.01752],[106.81767,-6.02662],[106.82058,-6.03879],[106.83302,-6.04185],[106.84253,-6.03275]]]}},{"type":"Feature","properties":{"h3_id":"878c1070bffffff","center_lat":-6.363410593516093,"center_lon":106.7465109459165,"in_aoa":true,"dist_km":6.55},"geometry":{"type":"Polygon","coordinates":[[[106.75894,-6.36646],[106.75602,-6.35433],[106.74359,-6.35128],[106.73408,-6.36037],[106.737,-6.37249],[106.74943,-6.37553],[106.75894,-6.36646]]]}},{"type":"Feature","properties":{"h3_id":"878c104e9ffffff","center_lat":-6.245454360479658,"center_lon":106.96363497347464,"in_aoa":true,"dist_km":6.69},"geometry":{"type":"Polygon","coordinates":[[[106.97605,-6.2485],[106.97314,-6.23637],[106.96073,-6.23332],[106.95122,-6.24241],[106.95413,-6.25454],[106.96654,-6.25758],[106.97605,-6.2485]]]}},{"type":"Feature","properties":{"h3_id":"878c1068effffff","center_lat":-6.117592328843053,"center_lon":106.722494303116,"in_aoa":true,"dist_km":10.45},"geometry":{"type":"Polygon","coordinates":[[[106.73493,-6.12066],[106.73201,-6.1085],[106.71957,-6.10543],[106.71005,-6.11453],[106.71298,-6.12669],[106.72542,-6.12975],[106.73493,-6.12066]]]}},{"type":"Feature","properties":{"h3_id":"878c10722ffffff","center_lat":-6.411982187416407,"center_lon":106.85171052683413,"in_aoa":false,"dist_km":7.17},"geometry":{"type":"Polygon","coordinates":[[[106.86413,-6.41502],[106.86121,-6.40291],[106.8488,-6.39987],[106.83929,-6.40894],[106.84221,-6.42106],[106.85462,-6.42409],[106.86413,-6.41502]]]}},{"type":"Feature","properties":{"h3_id":"878c10611ffffff","center_lat":-6.2329848279007525,"center_lon":106.72683097513533,"in_aoa":true,"dist_km":4.38},"geometry":{"type":"Polygon","coordinates":[[[106.73926,-6.23604],[106.73634,-6.2239],[106.72391,-6.22084],[106.7144,-6.22993],[106.71732,-6.24207],[106.72975,-6.24513],[106.73926,-6.23604]]]}},{"type":"Feature","properties":{"h3_id":"878c107b6ffffff","center_lat":-6.230274983334999,"center_lon":106.94831550106777,"in_aoa":true,"dist_km":6.64},"geometry":{"type":"Polygon","coordinates":[[[106.96073,-6.23332],[106.95782,-6.22119],[106.94541,-6.21814],[106.9359,-6.22723],[106.93881,-6.23936],[106.95122,-6.24241],[106.96073,-6.23332]]]}},{"type":"Feature","properties":{"h3_id":"878c10625ffffff","center_lat":-6.348238233343402,"center_lon":106.73116432583839,"in_aoa":true,"dist_km":8.49},"geometry":{"type":"Polygon","coordinates":[[[106.74359,-6.35128],[106.74067,-6.33916],[106.72825,-6.33611],[106.71873,-6.34519],[106.72165,-6.35732],[106.73408,-6.36037],[106.74359,-6.35128]]]}},{"type":"Feature","properties":{"h3_id":"878c106a5ffffff","center_lat":-6.199685533702917,"center_lon":106.777317218065,"in_aoa":true,"dist_km":2.52},"geometry":{"type":"Polygon","coordinates":[[[106.78975,-6.20274],[106.78683,-6.1906],[106.7744,-6.18754],[106.76489,-6.19663],[106.7678,-6.20877],[106.78023,-6.21183],[106.78975,-6.20274]]]}},{"type":"Feature","properties":{"h3_id":"878c13d22ffffff","center_lat":-6.050637053845201,"center_lon":106.68299416146911,"in_aoa":false,"dist_km":19.01},"geometry":{"type":"Polygon","coordinates":[[[106.69544,-6.05371],[106.69251,-6.04154],[106.68007,-6.03847],[106.67055,-6.04757],[106.67347,-6.05974],[106.68592,-6.06281],[106.69544,-6.05371]]]}},{"type":"Feature","properties":{"h3_id":"878c10736ffffff","center_lat":-6.378715648605275,"center_lon":106.9021389305331,"in_aoa":false,"dist_km":10.74},"geometry":{"type":"Polygon","coordinates":[[[106.91455,-6.38175],[106.91164,-6.36964],[106.89923,-6.3666],[106.88973,-6.37568],[106.89264,-6.38779],[106.90505,-6.39083],[106.91455,-6.38175]]]}},{"type":"Feature","properties":{"h3_id":"878c104c8ffffff","center_lat":-6.187829727653888,"center_lon":106.96151421085527,"in_aoa":true,"dist_km":6.41},"geometry":{"type":"Polygon","coordinates":[[[106.97393,-6.19088],[106.97102,-6.17874],[106.95861,-6.17569],[106.9491,-6.18478],[106.95201,-6.19692],[106.96442,-6.19997],[106.97393,-6.19088]]]}},{"type":"Feature","properties":{"h3_id":"878c10701ffffff","center_lat":-6.3877063773899065,"center_lon":106.79912408892517,"in_aoa":false,"dist_km":2.47},"geometry":{"type":"Polygon","coordinates":[[[106.81154,-6.39075],[106.80863,-6.37863],[106.79621,-6.37559],[106.7867,-6.38466],[106.78962,-6.39678],[106.80204,-6.39982],[106.81154,-6.39075]]]}},{"type":"Feature","properties":{"h3_id":"878c1044bffffff","center_lat":-6.321158359883731,"center_lon":106.90000685339282,"in_aoa":true,"dist_km":4.94},"geometry":{"type":"Polygon","coordinates":[[[106.91242,-6.3242],[106.90951,-6.31208],[106.8971,-6.30903],[106.88759,-6.31811],[106.8905,-6.33024],[106.90292,-6.33328],[106.91242,-6.3242]]]}},{"type":"Feature","properties":{"h3_id":"878c10795ffffff","center_lat":-6.205939238794413,"center_lon":106.89574024857049,"in_aoa":true,"dist_km":4.94},"geometry":{"type":"Polygon","coordinates":[[[106.90816,-6.20899],[106.90525,-6.19685],[106.89283,-6.1938],[106.88332,-6.20289],[106.88623,-6.21503],[106.89865,-6.21808],[106.90816,-6.20899]]]}},{"type":"Feature","properties":{"h3_id":"878c106a2ffffff","center_lat":-6.157208169326942,"center_lon":106.79050920428904,"in_aoa":true,"dist_km":4.79},"geometry":{"type":"Polygon","coordinates":[[[106.80294,-6.16027],[106.80002,-6.14812],[106.78759,-6.14506],[106.77808,-6.15415],[106.781,-6.1663],[106.79343,-6.16936],[106.80294,-6.16027]]]}},{"type":"Feature","properties":{"h3_id":"878c10684ffffff","center_lat":-6.14199674198926,"center_lon":106.77515910346344,"in_aoa":true,"dist_km":7.19},"geometry":{"type":"Polygon","coordinates":[[[106.78759,-6.14506],[106.78467,-6.1329],[106.77224,-6.12984],[106.76273,-6.13894],[106.76564,-6.15109],[106.77808,-6.15415],[106.78759,-6.14506]]]}},{"type":"Feature","properties":{"h3_id":"878c10718ffffff","center_lat":-6.33013409988843,"center_lon":106.79697160495706,"in_aoa":true,"dist_km":4.16},"geometry":{"type":"Polygon","coordinates":[[[106.80939,-6.33318],[106.80648,-6.32105],[106.79406,-6.31801],[106.78455,-6.32709],[106.78746,-6.33922],[106.79989,-6.34226],[106.80939,-6.33318]]]}},{"type":"Feature","properties":{"h3_id":"878c107b3ffffff","center_lat":-6.221127870264909,"center_lon":106.91106892653264,"in_aoa":true,"dist_km":6.41},"geometry":{"type":"Polygon","coordinates":[[[106.92349,-6.22418],[106.92058,-6.21204],[106.90816,-6.20899],[106.89865,-6.21808],[106.90156,-6.23021],[106.91398,-6.23326],[106.92349,-6.22418]]]}},{"type":"Feature","properties":{"h3_id":"878c12a6dffffff","center_lat":-6.047782292981672,"center_lon":106.7642418118426,"in_aoa":false,"dist_km":16.78},"geometry":{"type":"Polygon","coordinates":[[[106.77668,-6.05085],[106.77376,-6.03868],[106.76132,-6.03562],[106.7518,-6.04471],[106.75472,-6.05688],[106.76716,-6.05995],[106.77668,-6.05085]]]}},{"type":"Feature","properties":{"h3_id":"878c107acffffff","center_lat":-6.296852600417267,"center_lon":106.84742596852368,"in_aoa":true,"dist_km":7.54},"geometry":{"type":"Polygon","coordinates":[[[106.85985,-6.2999],[106.85693,-6.28777],[106.84451,-6.28472],[106.835,-6.29381],[106.83792,-6.30594],[106.85034,-6.30898],[106.85985,-6.2999]]]}},{"type":"Feature","properties":{"h3_id":"878c1009bffffff","center_lat":-6.421093443446664,"center_lon":106.88895103165093,"in_aoa":false,"dist_km":11.02},"geometry":{"type":"Polygon","coordinates":[[[106.90136,-6.42413],[106.89845,-6.41202],[106.88604,-6.40898],[106.87654,-6.41806],[106.87945,-6.43017],[106.89186,-6.4332],[106.90136,-6.42413]]]}},{"type":"Feature","properties":{"h3_id":"878c10469ffffff","center_lat":-6.3938679381308905,"center_lon":106.91745816303742,"in_aoa":false,"dist_km":12.72},"geometry":{"type":"Polygon","coordinates":[[[106.92987,-6.3969],[106.92696,-6.38479],[106.91455,-6.38175],[106.90505,-6.39083],[106.90796,-6.40294],[106.92037,-6.40598],[106.92987,-6.3969]]]}},{"type":"Feature","properties":{"h3_id":"878c1069bffffff","center_lat":-6.059844133910343,"center_lon":106.72032472043477,"in_aoa":false,"dist_km":16.68},"geometry":{"type":"Polygon","coordinates":[[[106.73277,-6.06291],[106.72984,-6.05075],[106.7174,-6.04768],[106.70788,-6.05678],[106.71081,-6.06894],[106.72325,-6.07201],[106.73277,-6.06291]]]}},{"type":"Feature","properties":{"h3_id":"878c1061effffff","center_lat":-6.217783948999087,"center_lon":106.71147498559084,"in_aoa":true,"dist_km":5.04},"geometry":{"type":"Polygon","coordinates":[[[106.72391,-6.22084],[106.72099,-6.20869],[106.70855,-6.20564],[106.69904,-6.21473],[106.70196,-6.22687],[106.7144,-6.22993],[106.72391,-6.22084]]]}},{"type":"Feature","properties":{"h3_id":"878c106b2ffffff","center_lat":-6.108682796561127,"center_lon":106.82564888213962,"in_aoa":false,"dist_km":8.79},"geometry":{"type":"Polygon","coordinates":[[[106.83808,-6.11174],[106.83516,-6.09959],[106.82273,-6.09653],[106.81322,-6.10562],[106.81613,-6.11778],[106.82856,-6.12084],[106.83808,-6.11174]]]}},{"type":"Feature","properties":{"h3_id":"878c10635ffffff","center_lat":-6.299779299688172,"center_lon":106.76628726742756,"in_aoa":true,"dist_km":8.61},"geometry":{"type":"Polygon","coordinates":[[[106.77871,-6.30283],[106.7758,-6.2907],[106.76337,-6.28765],[106.75386,-6.29673],[106.75678,-6.30886],[106.7692,-6.31191],[106.77871,-6.30283]]]}},{"type":"Feature","properties":{"h3_id":"878c12b46ffffff","center_lat":-6.078511817073255,"center_lon":106.93533936776916,"in_aoa":false,"dist_km":9.89},"geometry":{"type":"Polygon","coordinates":[[[106.94776,-6.08157],[106.94485,-6.06942],[106.93243,-6.06636],[106.92292,-6.07545],[106.92583,-6.08761],[106.93825,-6.09067],[106.94776,-6.08157]]]}},{"type":"Feature","properties":{"h3_id":"878c1068bffffff","center_lat":-6.108397979100964,"center_lon":106.68517122980053,"in_aoa":false,"dist_km":13.32},"geometry":{"type":"Polygon","coordinates":[[[106.69761,-6.11146],[106.69469,-6.0993],[106.68225,-6.09624],[106.67273,-6.10533],[106.67565,-6.11749],[106.6881,-6.12056],[106.69761,-6.11146]]]}},{"type":"Feature","properties":{"h3_id":"878c12b5dffffff","center_lat":-6.054109179279429,"center_lon":106.88273295932775,"in_aoa":false,"dist_km":12.5},"geometry":{"type":"Polygon","coordinates":[[[106.89516,-6.05717],[106.89225,-6.04501],[106.87982,-6.04195],[106.87031,-6.05105],[106.87322,-6.06321],[106.88565,-6.06627],[106.89516,-6.05717]]]}},{"type":"Feature","properties":{"h3_id":"878c10441ffffff","center_lat":-6.345444147022655,"center_lon":106.9525608830701,"in_aoa":true,"dist_km":8.6},"geometry":{"type":"Polygon","coordinates":[[[106.96497,-6.34848],[106.96206,-6.33637],[106.94965,-6.33333],[106.94015,-6.3424],[106.94306,-6.35452],[106.95547,-6.35756],[106.96497,-6.34848]]]}},{"type":"Feature","properties":{"h3_id":"878c1079cffffff","center_lat":-6.19678148350505,"center_lon":106.85847599202523,"in_aoa":true,"dist_km":4.25},"geometry":{"type":"Polygon","coordinates":[[[106.8709,-6.19983],[106.86799,-6.18769],[106.85556,-6.18464],[106.84605,-6.19373],[106.84897,-6.20587],[106.86139,-6.20892],[106.8709,-6.19983]]]}},{"type":"Feature","properties":{"h3_id":"878c1078bffffff","center_lat":-6.21488491059969,"center_lon":106.79266416310688,"in_aoa":true,"dist_km":4.25},"geometry":{"type":"Polygon","coordinates":[[[106.80509,-6.21794],[106.80218,-6.2058],[106.78975,-6.20274],[106.78023,-6.21183],[106.78315,-6.22397],[106.79558,-6.22703],[106.80509,-6.21794]]]}},{"type":"Feature","properties":{"h3_id":"878c12b74ffffff","center_lat":-6.10289466250304,"center_lon":106.98791883081307,"in_aoa":false,"dist_km":11.03},"geometry":{"type":"Polygon","coordinates":[[[107.00033,-6.10595],[106.99743,-6.0938],[106.98501,-6.09075],[106.9755,-6.09984],[106.97841,-6.11199],[106.99082,-6.11504],[107.00033,-6.10595]]]}},{"type":"Feature","properties":{"h3_id":"878c1070effffff","center_lat":-6.372543272587043,"center_lon":106.78378660375031,"in_aoa":true,"dist_km":2.52},"geometry":{"type":"Polygon","coordinates":[[[106.79621,-6.37559],[106.79329,-6.36346],[106.78087,-6.36042],[106.77136,-6.3695],[106.77428,-6.38162],[106.7867,-6.38466],[106.79621,-6.37559]]]}},{"type":"Feature","properties":{"h3_id":"878c10458ffffff","center_lat":-6.287876974452981,"center_lon":106.95043859858303,"in_aoa":true,"dist_km":4.24},"geometry":{"type":"Polygon","coordinates":[[[106.96285,-6.29092],[106.95994,-6.27879],[106.94753,-6.27575],[106.93803,-6.28483],[106.94093,-6.29696],[106.95335,-6.3],[106.96285,-6.29092]]]}},{"type":"Feature","properties":{"h3_id":"878c10708ffffff","center_lat":-6.3785785814589175,"center_lon":106.7618545074698,"in_aoa":false,"dist_km":5.03},"geometry":{"type":"Polygon","coordinates":[[[106.77428,-6.38162],[106.77136,-6.3695],[106.75894,-6.36646],[106.74943,-6.37553],[106.75235,-6.38766],[106.76477,-6.3907],[106.77428,-6.38162]]]}},{"type":"Feature","properties":{"h3_id":"878c107a2ffffff","center_lat":-6.263566194941632,"center_lon":106.89787395955976,"in_aoa":true,"dist_km":2.39},"geometry":{"type":"Polygon","coordinates":[[[106.91029,-6.26661],[106.90738,-6.25448],[106.89496,-6.25143],[106.88546,-6.26052],[106.88837,-6.27265],[106.90078,-6.2757],[106.91029,-6.26661]]]}},{"type":"Feature","properties":{"h3_id":"878c104ecffffff","center_lat":-6.254590804316244,"center_lon":107.00086381653517,"in_aoa":true,"dist_km":10.05},"geometry":{"type":"Polygon","coordinates":[[[107.01327,-6.25763],[107.01037,-6.24551],[106.99796,-6.24246],[106.98846,-6.25155],[106.99136,-6.26367],[107.00377,-6.26672],[107.01327,-6.25763]]]}},{"type":"Feature","properties":{"h3_id":"878c12b6effffff","center_lat":-6.127037669805531,"center_lon":106.90020523622204,"in_aoa":true,"dist_km":4.17},"geometry":{"type":"Polygon","coordinates":[[[106.91263,-6.13009],[106.90972,-6.11795],[106.89729,-6.11489],[106.88778,-6.12398],[106.89069,-6.13613],[106.90312,-6.13919],[106.91263,-6.13009]]]}},{"type":"Feature","properties":{"h3_id":"878c10691ffffff","center_lat":-6.08427332049872,"center_lon":106.77300016172705,"in_aoa":false,"dist_km":12.67},"geometry":{"type":"Polygon","coordinates":[[[106.78544,-6.08734],[106.78252,-6.07518],[106.77008,-6.07211],[106.76056,-6.08121],[106.76348,-6.09337],[106.77592,-6.09643],[106.78544,-6.08734]]]}},{"type":"Feature","properties":{"h3_id":"878c10614ffffff","center_lat":-6.2421479422036965,"center_lon":106.76412765149274,"in_aoa":true,"dist_km":4.17},"geometry":{"type":"Polygon","coordinates":[[[106.77656,-6.2452],[106.77364,-6.23306],[106.76121,-6.23001],[106.7517,-6.23909],[106.75462,-6.25123],[106.76705,-6.25429],[106.77656,-6.2452]]]}},{"type":"Feature","properties":{"h3_id":"878c106a8ffffff","center_lat":-6.175305922229756,"center_lon":106.72466305452569,"in_aoa":true,"dist_km":4.79},"geometry":{"type":"Polygon","coordinates":[[[106.7371,-6.17837],[106.73418,-6.16621],[106.72174,-6.16315],[106.71223,-6.17225],[106.71515,-6.1844],[106.72758,-6.18746],[106.7371,-6.17837]]]}},{"type":"Feature","properties":{"h3_id":"878c13d25ffffff","center_lat":-6.093168204588997,"center_lon":106.66980285747596,"in_aoa":false,"dist_km":15.69},"geometry":{"type":"Polygon","coordinates":[[[106.68225,-6.09624],[106.67932,-6.08407],[106.66688,-6.081],[106.65736,-6.0901],[106.66028,-6.10227],[106.67273,-6.10533],[106.68225,-6.09624]]]}},{"type":"Feature","properties":{"h3_id":"878c10785ffffff","center_lat":-6.2544212801616,"center_lon":106.8606171711546,"in_aoa":true,"dist_km":6.41},"geometry":{"type":"Polygon","coordinates":[[[106.87304,-6.25747],[106.87013,-6.24534],[106.8577,-6.24229],[106.8482,-6.25137],[106.85111,-6.26351],[106.86353,-6.26655],[106.87304,-6.25747]]]}},{"type":"Feature","properties":{"h3_id":"878c106d6ffffff","center_lat":-6.114428194935572,"center_lon":106.66320811766414,"in_aoa":false,"dist_km":14.38},"geometry":{"type":"Polygon","coordinates":[[[106.67565,-6.11749],[106.67273,-6.10533],[106.66028,-6.10227],[106.65076,-6.11136],[106.65369,-6.12352],[106.66613,-6.12659],[106.67565,-6.11749]]]}},{"type":"Feature","properties":{"h3_id":"878c10781ffffff","center_lat":-6.239235491143592,"center_lon":106.84528245837059,"in_aoa":true,"dist_km":6.33},"geometry":{"type":"Polygon","coordinates":[[[106.8577,-6.24229],[106.85479,-6.23015],[106.84237,-6.2271],[106.83286,-6.23618],[106.83577,-6.24832],[106.8482,-6.25137],[106.8577,-6.24229]]]}},{"type":"Feature","properties":{"h3_id":"878c104cbffffff","center_lat":-6.172638258851661,"center_lon":106.94619159006288,"in_aoa":true,"dist_km":4.24},"geometry":{"type":"Polygon","coordinates":[[[106.95861,-6.17569],[106.9557,-6.16355],[106.94328,-6.1605],[106.93377,-6.16959],[106.93668,-6.18173],[106.9491,-6.18478],[106.95861,-6.17569]]]}},{"type":"Feature","properties":{"h3_id":"878c12b6affffff","center_lat":-6.111828757729434,"center_lon":106.8848702920057,"in_aoa":true,"dist_km":6.33},"geometry":{"type":"Polygon","coordinates":[[[106.89729,-6.11489],[106.89438,-6.10274],[106.88196,-6.09968],[106.87245,-6.10877],[106.87536,-6.12092],[106.88778,-6.12398],[106.89729,-6.11489]]]}},{"type":"Feature","properties":{"h3_id":"878c106f1ffffff","center_lat":-6.178185757264944,"center_lon":106.64342754805467,"in_aoa":true,"dist_km":12.75},"geometry":{"type":"Polygon","coordinates":[[[106.65587,-6.18125],[106.65295,-6.16909],[106.6405,-6.16603],[106.63098,-6.17512],[106.63391,-6.18728],[106.64635,-6.19034],[106.65587,-6.18125]]]}},{"type":"Feature","properties":{"h3_id":"878c10704ffffff","center_lat":-6.396828358363641,"center_lon":106.83638219511374,"in_aoa":false,"dist_km":4.78},"geometry":{"type":"Polygon","coordinates":[[[106.8488,-6.39987],[106.84589,-6.38775],[106.83347,-6.38471],[106.82396,-6.39379],[106.82688,-6.4059],[106.83929,-6.40894],[106.8488,-6.39987]]]}},{"type":"Feature","properties":{"h3_id":"878c1044effffff","center_lat":-6.330284623338662,"center_lon":106.93724462370415,"in_aoa":true,"dist_km":6.32},"geometry":{"type":"Polygon","coordinates":[[[106.94965,-6.33333],[106.94675,-6.3212],[106.93434,-6.31816],[106.92483,-6.32724],[106.92774,-6.33936],[106.94015,-6.3424],[106.94965,-6.33333]]]}},{"type":"Feature","properties":{"h3_id":"878c10798ffffff","center_lat":-6.181583618202312,"center_lon":106.8431381269314,"in_aoa":true,"dist_km":2.52},"geometry":{"type":"Polygon","coordinates":[[[106.85556,-6.18464],[106.85265,-6.17249],[106.84022,-6.16944],[106.83071,-6.17853],[106.83363,-6.19067],[106.84605,-6.19373],[106.85556,-6.18464]]]}},{"type":"Feature","properties":{"h3_id":"878c1071bffffff","center_lat":-6.314958884376181,"center_lon":106.78163096773983,"in_aoa":true,"dist_km":6.32},"geometry":{"type":"Polygon","coordinates":[[[106.79406,-6.31801],[106.79114,-6.30588],[106.77871,-6.30283],[106.7692,-6.31191],[106.77212,-6.32404],[106.78455,-6.32709],[106.79406,-6.31801]]]}},{"type":"Feature","properties":{"h3_id":"878c1069effffff","center_lat":-6.0690455258816405,"center_lon":106.75764383714383,"in_aoa":false,"dist_km":14.94},"geometry":{"type":"Polygon","coordinates":[[[106.77008,-6.07211],[106.76716,-6.05995],[106.75472,-6.05688],[106.74521,-6.06598],[106.74813,-6.07814],[106.76056,-6.08121],[106.77008,-6.07211]]]}},{"type":"Feature","properties":{"h3_id":"878c10732ffffff","center_lat":-6.363558969727721,"center_lon":106.886816623829,"in_aoa":true,"dist_km":8.97},"geometry":{"type":"Polygon","coordinates":[[[106.89923,-6.3666],[106.89632,-6.35448],[106.88391,-6.35144],[106.8744,-6.36052],[106.87731,-6.37264],[106.88973,-6.37568],[106.89923,-6.3666]]]}},{"type":"Feature","properties":{"h3_id":"878c106b5ffffff","center_lat":-6.151174819351153,"center_lon":106.81245318191115,"in_aoa":true,"dist_km":4.17},"geometry":{"type":"Polygon","coordinates":[[[106.82488,-6.15423],[106.82197,-6.14208],[106.80954,-6.13902],[106.80002,-6.14812],[106.80294,-6.16027],[106.81537,-6.16332],[106.82488,-6.15423]]]}},{"type":"Feature","properties":{"h3_id":"878c12b49ffffff","center_lat":-6.087431213706151,"center_lon":106.8322476382856,"in_aoa":false,"dist_km":11.21},"geometry":{"type":"Polygon","coordinates":[[[106.84468,-6.09049],[106.84176,-6.07834],[106.82933,-6.07527],[106.81982,-6.08437],[106.82273,-6.09653],[106.83516,-6.09959],[106.84468,-6.09049]]]}},{"type":"Feature","properties":{"h3_id":"878c104c1ffffff","center_lat":-6.196979065503725,"center_lon":106.99875051610978,"in_aoa":true,"dist_km":10.61},"geometry":{"type":"Polygon","coordinates":[[[107.01116,-6.20003],[107.00826,-6.18789],[106.99585,-6.18484],[106.98634,-6.19393],[106.98925,-6.20607],[107.00166,-6.20911],[107.01116,-6.20003]]]}},{"type":"Feature","properties":{"h3_id":"878c12b60ffffff","center_lat":-6.136206508751334,"center_lon":106.93746607534736,"in_aoa":false,"dist_km":4.38},"geometry":{"type":"Polygon","coordinates":[[[106.94988,-6.13926],[106.94698,-6.12712],[106.93456,-6.12406],[106.92505,-6.13315],[106.92796,-6.1453],[106.94037,-6.14835],[106.94988,-6.13926]]]}},{"type":"Feature","properties":{"h3_id":"878c1078effffff","center_lat":-6.224045336889751,"center_lon":106.82994467446242,"in_aoa":true,"dist_km":4.16},"geometry":{"type":"Polygon","coordinates":[[[106.84237,-6.2271],[106.83946,-6.21496],[106.82703,-6.2119],[106.81752,-6.22099],[106.82043,-6.23313],[106.83286,-6.23618],[106.84237,-6.2271]]]}},{"type":"Feature","properties":{"h3_id":"878c104d8ffffff","center_lat":-6.13933265130968,"center_lon":106.99663640586371,"in_aoa":false,"dist_km":10.06},"geometry":{"type":"Polygon","coordinates":[[[107.00905,-6.14239],[107.00614,-6.13024],[106.99373,-6.12719],[106.98422,-6.13628],[106.98713,-6.14842],[106.99954,-6.15148],[107.00905,-6.14239]]]}},{"type":"Feature","properties":{"h3_id":"878c10711ffffff","center_lat":-6.3392689034127345,"center_lon":106.83423717665252,"in_aoa":true,"dist_km":4.37},"geometry":{"type":"Polygon","coordinates":[[[106.84666,-6.34231],[106.84374,-6.33019],[106.83132,-6.32714],[106.82182,-6.33622],[106.82473,-6.34835],[106.83715,-6.35139],[106.84666,-6.34231]]]}},{"type":"Feature","properties":{"h3_id":"878c1045bffffff","center_lat":-6.272705327032651,"center_lon":106.93511919240267,"in_aoa":true,"dist_km":2.51},"geometry":{"type":"Polygon","coordinates":[[[106.94753,-6.27575],[106.94462,-6.26362],[106.93221,-6.26058],[106.92271,-6.26966],[106.92561,-6.28179],[106.93803,-6.28483],[106.94753,-6.27575]]]}},{"type":"Feature","properties":{"h3_id":"878c10600ffffff","center_lat":-6.275440146131898,"center_lon":106.71364523261012,"in_aoa":false,"dist_km":9.02},"geometry":{"type":"Polygon","coordinates":[[[106.72608,-6.27849],[106.72316,-6.26635],[106.71072,-6.2633],[106.70121,-6.27239],[106.70413,-6.28453],[106.71657,-6.28758],[106.72608,-6.27849]]]}},{"type":"Feature","properties":{"h3_id":"878c12b40ffffff","center_lat":-6.084546735004986,"center_lon":106.91340607450162,"in_aoa":false,"dist_km":8.79},"geometry":{"type":"Polygon","coordinates":[[[106.92583,-6.08761],[106.92292,-6.07545],[106.9105,-6.07239],[106.90098,-6.08149],[106.90389,-6.09364],[106.91632,-6.0967],[106.92583,-6.08761]]]}},{"type":"Feature","properties":{"h3_id":"878c107a5ffffff","center_lat":-6.305989554957083,"center_lon":106.88468139853269,"in_aoa":true,"dist_km":4.37},"geometry":{"type":"Polygon","coordinates":[[[106.8971,-6.30903],[106.89419,-6.29691],[106.88177,-6.29386],[106.87226,-6.30294],[106.87518,-6.31507],[106.88759,-6.31811],[106.8971,-6.30903]]]}},{"type":"Feature","properties":{"h3_id":"878c10694ffffff","center_lat":-6.0934641802275875,"center_lon":106.81030171886809,"in_aoa":false,"dist_km":10.54},"geometry":{"type":"Polygon","coordinates":[[[106.82273,-6.09653],[106.81982,-6.08437],[106.80738,-6.08131],[106.79787,-6.0904],[106.80079,-6.10256],[106.81322,-6.10562],[106.82273,-6.09653]]]}},{"type":"Feature","properties":{"h3_id":"878c106abffffff","center_lat":-6.160092998583817,"center_lon":106.7093039069943,"in_aoa":true,"dist_km":7.19},"geometry":{"type":"Polygon","coordinates":[[[106.72174,-6.16315],[106.71882,-6.151],[106.70638,-6.14794],[106.69686,-6.15703],[106.69979,-6.16919],[106.71223,-6.17225],[106.72174,-6.16315]]]}},{"type":"Feature","properties":{"h3_id":"878c106f0ffffff","center_lat":-6.172155231284166,"center_lon":106.66538867563364,"in_aoa":true,"dist_km":10.62},"geometry":{"type":"Polygon","coordinates":[[[106.67783,-6.17522],[106.67491,-6.16306],[106.66246,-6.16],[106.65295,-6.16909],[106.65587,-6.18125],[106.66831,-6.18431],[106.67783,-6.17522]]]}},{"type":"Feature","properties":{"h3_id":"878c10784ffffff","center_lat":-6.2483852838822305,"center_lon":106.88254535529819,"in_aoa":false,"dist_km":4.78},"geometry":{"type":"Polygon","coordinates":[[[106.89496,-6.25143],[106.89205,-6.2393],[106.87963,-6.23625],[106.87013,-6.24534],[106.87304,-6.25747],[106.88546,-6.26052],[106.89496,-6.25143]]]}},{"type":"Feature","properties":{"h3_id":"878c104ceffffff","center_lat":-6.181792479263774,"center_lon":106.98343403420476,"in_aoa":false,"dist_km":8.48},"geometry":{"type":"Polygon","coordinates":[[[106.99585,-6.18484],[106.99294,-6.1727],[106.98053,-6.16965],[106.97102,-6.17874],[106.97393,-6.19088],[106.98634,-6.19393],[106.99585,-6.18484]]]}},{"type":"Feature","properties":{"h3_id":"878c12b6dffffff","center_lat":-6.15431255717014,"center_lon":106.8716719368167,"in_aoa":true,"dist_km":4.24},"geometry":{"type":"Polygon","coordinates":[[[106.8841,-6.15737],[106.88118,-6.14522],[106.86876,-6.14216],[106.85925,-6.15126],[106.86216,-6.1634],[106.87458,-6.16646],[106.8841,-6.15737]]]}},{"type":"Feature","properties":{"h3_id":"878c10451ffffff","center_lat":-6.297005418953723,"center_lon":106.98766611785658,"in_aoa":true,"dist_km":8.48},"geometry":{"type":"Polygon","coordinates":[[[107.00007,-6.30005],[106.99717,-6.28792],[106.98476,-6.28488],[106.97526,-6.29396],[106.97816,-6.30609],[106.99057,-6.30913],[107.00007,-6.30005]]]}},{"type":"Feature","properties":{"h3_id":"878c1079bffffff","center_lat":-6.166381395631941,"center_lon":106.82779718980096,"in_aoa":true,"dist_km":2.47},"geometry":{"type":"Polygon","coordinates":[[[106.84022,-6.16944],[106.83731,-6.15729],[106.82488,-6.15423],[106.81537,-6.16332],[106.81828,-6.17547],[106.83071,-6.17853],[106.84022,-6.16944]]]}},{"type":"Feature","properties":{"h3_id":"878c1068affffff","center_lat":-6.102367380787665,"center_lon":106.70713199634869,"in_aoa":false,"dist_km":12.67},"geometry":{"type":"Polygon","coordinates":[[[106.71957,-6.10543],[106.71665,-6.09327],[106.70421,-6.0902],[106.69469,-6.0993],[106.69761,-6.11146],[106.71005,-6.11453],[106.71957,-6.10543]]]}},{"type":"Feature","properties":{"h3_id":"878c1071effffff","center_lat":-6.324098568493099,"center_lon":106.81890262742253,"in_aoa":true,"dist_km":4.94},"geometry":{"type":"Polygon","coordinates":[[[106.83132,-6.32714],[106.82841,-6.31502],[106.81599,-6.31197],[106.80648,-6.32105],[106.80939,-6.33318],[106.82182,-6.33622],[106.83132,-6.32714]]]}},{"type":"Feature","properties":{"h3_id":"878c10468ffffff","center_lat":-6.387829036127875,"center_lon":106.93936924119402,"in_aoa":false,"dist_km":12.47},"geometry":{"type":"Polygon","coordinates":[[[106.95178,-6.39087],[106.94887,-6.37875],[106.93646,-6.37572],[106.92696,-6.38479],[106.92987,-6.3969],[106.94228,-6.39994],[106.95178,-6.39087]]]}},{"type":"Feature","properties":{"h3_id":"878c12b29ffffff","center_lat":-6.096858017532664,"center_lon":107.00984117492037,"in_aoa":false,"dist_km":13.39},"geometry":{"type":"Polygon","coordinates":[[[107.02225,-6.09991],[107.01935,-6.08777],[107.00694,-6.08471],[106.99743,-6.0938],[107.00033,-6.10595],[107.01275,-6.10901],[107.02225,-6.09991]]]}},{"type":"Feature","properties":{"h3_id":"878c107b2ffffff","center_lat":-6.215091232125169,"center_lon":106.93299294682777,"in_aoa":true,"dist_km":6.33},"geometry":{"type":"Polygon","coordinates":[[[106.94541,-6.21814],[106.9425,-6.206],[106.93008,-6.20295],[106.92058,-6.21204],[106.92349,-6.22418],[106.9359,-6.22723],[106.94541,-6.21814]]]}},{"type":"Feature","properties":{"h3_id":"878c106a1ffffff","center_lat":-6.184481803554153,"center_lon":106.76196720811357,"in_aoa":true,"dist_km":2.47},"geometry":{"type":"Polygon","coordinates":[[[106.7744,-6.18754],[106.77148,-6.17539],[106.75905,-6.17233],[106.74953,-6.18142],[106.75245,-6.19357],[106.76489,-6.19663],[106.7744,-6.18754]]]}},{"type":"Feature","properties":{"h3_id":"878c10735ffffff","center_lat":-6.4059445167316795,"center_lon":106.87362879983922,"in_aoa":false,"dist_km":8.69},"geometry":{"type":"Polygon","coordinates":[[[106.88604,-6.40898],[106.88313,-6.39687],[106.87072,-6.39383],[106.86121,-6.40291],[106.86413,-6.41502],[106.87654,-6.41806],[106.88604,-6.40898]]]}},{"type":"Feature","properties":{"h3_id":"878c10624ffffff","center_lat":-6.3422039352697634,"center_lon":106.75310244811858,"in_aoa":true,"dist_km":6.41},"geometry":{"type":"Polygon","coordinates":[[[106.76553,-6.34525],[106.76261,-6.33312],[106.75018,-6.33008],[106.74067,-6.33916],[106.74359,-6.35128],[106.75602,-6.35433],[106.76553,-6.34525]]]}},{"type":"Feature","properties":{"h3_id":"878c13d35ffffff","center_lat":-6.044607181897533,"center_lon":106.70495925318187,"in_aoa":false,"dist_km":18.76},"geometry":{"type":"Polygon","coordinates":[[[106.7174,-6.04768],[106.71448,-6.03551],[106.70204,-6.03244],[106.69251,-6.04154],[106.69544,-6.05371],[106.70788,-6.05678],[106.7174,-6.04768]]]}},{"type":"Feature","properties":{"h3_id":"878c12b4cffffff","center_lat":-6.09661549371818,"center_lon":106.86953227010295,"in_aoa":false,"dist_km":8.62},"geometry":{"type":"Polygon","coordinates":[[[106.88196,-6.09968],[106.87905,-6.08752],[106.86662,-6.08446],[106.85711,-6.09355],[106.86002,-6.10571],[106.87245,-6.10877],[106.88196,-6.09968]]]}},{"type":"Feature","properties":{"h3_id":"878c12b63ffffff","center_lat":-6.12100245976716,"center_lon":106.92213725554865,"in_aoa":true,"dist_km":4.94},"geometry":{"type":"Polygon","coordinates":[[[106.93456,-6.12406],[106.93165,-6.11191],[106.91923,-6.10885],[106.90972,-6.11795],[106.91263,-6.13009],[106.92505,-6.13315],[106.93456,-6.12406]]]}},{"type":"Feature","properties":{"h3_id":"878c10791ffffff","center_lat":-6.190746241635614,"center_lon":106.88040849366138,"in_aoa":true,"dist_km":4.38},"geometry":{"type":"Polygon","coordinates":[[[106.89283,-6.1938],[106.88992,-6.18166],[106.8775,-6.1786],[106.86799,-6.18769],[106.8709,-6.19983],[106.88332,-6.20289],[106.89283,-6.1938]]]}},{"type":"Feature","properties":{"h3_id":"878c104dbffffff","center_lat":-6.124133983754421,"center_lon":106.9813167760093,"in_aoa":false,"dist_km":9.12},"geometry":{"type":"Polygon","coordinates":[[[106.99373,-6.12719],[106.99082,-6.11504],[106.97841,-6.11199],[106.9689,-6.12108],[106.97181,-6.13323],[106.98422,-6.13628],[106.99373,-6.12719]]]}},{"type":"Feature","properties":{"h3_id":"878c106acffffff","center_lat":-6.190514501111092,"center_lon":106.74001914211024,"in_aoa":true,"dist_km":2.4},"geometry":{"type":"Polygon","coordinates":[[[106.75245,-6.19357],[106.74953,-6.18142],[106.7371,-6.17837],[106.72758,-6.18746],[106.7305,-6.1996],[106.74294,-6.20266],[106.75245,-6.19357]]]}},{"type":"Feature","properties":{"h3_id":"878c10680ffffff","center_lat":-6.126780969423698,"center_lon":106.75980593682054,"in_aoa":true,"dist_km":8.79},"geometry":{"type":"Polygon","coordinates":[[[106.77224,-6.12984],[106.76932,-6.11769],[106.75689,-6.11462],[106.74737,-6.12372],[106.75029,-6.13587],[106.76273,-6.13894],[106.77224,-6.12984]]]}},{"type":"Feature","properties":{"h3_id":"878c10714ffffff","center_lat":-6.34839790498635,"center_lon":106.87149124419189,"in_aoa":true,"dist_km":7.54},"geometry":{"type":"Polygon","coordinates":[[[106.88391,-6.35144],[106.881,-6.33932],[106.86858,-6.33628],[106.85907,-6.34536],[106.86199,-6.35748],[106.8744,-6.36052],[106.88391,-6.35144]]]}},{"type":"Feature","properties":{"h3_id":"878c12a69ffffff","center_lat":-6.032546329808204,"center_lon":106.74888237471392,"in_aoa":false,"dist_km":19.01},"geometry":{"type":"Polygon","coordinates":[[[106.76132,-6.03562],[106.7584,-6.02345],[106.74596,-6.02038],[106.73644,-6.02948],[106.73936,-6.04165],[106.7518,-6.04471],[106.76132,-6.03562]]]}},{"type":"Feature","properties":{"h3_id":"878c1045effffff","center_lat":-6.281838668746414,"center_lon":106.97235284359601,"in_aoa":true,"dist_km":6.55},"geometry":{"type":"Polygon","coordinates":[[[106.98476,-6.28488],[106.98186,-6.27276],[106.96945,-6.26971],[106.95994,-6.27879],[106.96285,-6.29092],[106.97526,-6.29396],[106.98476,-6.28488]]]}},{"type":"Feature","properties":{"h3_id":"878c10618ffffff","center_lat":-6.223815962489778,"center_lon":106.68952286445709,"in_aoa":true,"dist_km":7.55},"geometry":{"type":"Polygon","coordinates":[[[106.70196,-6.22687],[106.69904,-6.21473],[106.6866,-6.21167],[106.67708,-6.22076],[106.68001,-6.2329],[106.69245,-6.23596],[106.70196,-6.22687]]]}},{"type":"Feature","properties":{"h3_id":"878c10603ffffff","center_lat":-6.26024697497589,"center_lon":106.69828934295586,"in_aoa":true,"dist_km":8.75},"geometry":{"type":"Polygon","coordinates":[[[106.71072,-6.2633],[106.7078,-6.25116],[106.69537,-6.24811],[106.68585,-6.25719],[106.68878,-6.26933],[106.70121,-6.27239],[106.71072,-6.2633]]]}},{"type":"Feature","properties":{"h3_id":"878c107a8ffffff","center_lat":-6.281674534599923,"center_lon":106.83209133659078,"in_aoa":true,"dist_km":8.97},"geometry":{"type":"Polygon","coordinates":[[[106.84451,-6.28472],[106.8416,-6.27259],[106.82918,-6.26954],[106.81967,-6.27863],[106.82258,-6.29076],[106.835,-6.29381],[106.84451,-6.28472]]]}},{"type":"Feature","properties":{"h3_id":"878c1061affffff","center_lat":-6.202578720878202,"center_lon":106.69611593829559,"in_aoa":true,"dist_km":6.56},"geometry":{"type":"Polygon","coordinates":[[[106.70855,-6.20564],[106.70563,-6.19349],[106.69319,-6.19043],[106.68368,-6.19952],[106.6866,-6.21167],[106.69904,-6.21473],[106.70855,-6.20564]]]}},{"type":"Feature","properties":{"h3_id":"878c106aeffffff","center_lat":-6.169273723719214,"center_lon":106.74661413453855,"in_aoa":true,"dist_km":4.17},"geometry":{"type":"Polygon","coordinates":[[[106.75905,-6.17233],[106.75613,-6.16018],[106.74369,-6.15712],[106.73418,-6.16621],[106.7371,-6.17837],[106.74953,-6.18142],[106.75905,-6.17233]]]}},{"type":"Feature","properties":{"h3_id":"878c10631ffffff","center_lat":-6.284595349356172,"center_lon":106.75094050530416,"in_aoa":true,"dist_km":8.78},"geometry":{"type":"Polygon","coordinates":[[[106.76337,-6.28765],[106.76045,-6.27551],[106.74802,-6.27246],[106.73851,-6.28154],[106.74143,-6.29368],[106.75386,-6.29673],[106.76337,-6.28765]]]}},{"type":"Feature","properties":{"h3_id":"878c12b42ffffff","center_lat":-6.06329571868202,"center_lon":106.92000739633467,"in_aoa":false,"dist_km":11.21},"geometry":{"type":"Polygon","coordinates":[[[106.93243,-6.06636],[106.92952,-6.0542],[106.9171,-6.05114],[106.90758,-6.06023],[106.9105,-6.07239],[106.92292,-6.07545],[106.93243,-6.06636]]]}},{"type":"Feature","properties":{"h3_id":"878c12b59ffffff","center_lat":-6.038883883787233,"center_lon":106.86739178320094,"in_aoa":false,"dist_km":14.6},"geometry":{"type":"Polygon","coordinates":[[[106.87982,-6.04195],[106.87691,-6.02979],[106.86448,-6.02672],[106.85496,-6.03582],[106.85788,-6.04798],[106.87031,-6.05105],[106.87982,-6.04195]]]}},{"type":"Feature","properties":{"h3_id":"878c10695ffffff","center_lat":-6.099496777953553,"center_lon":106.78835341958491,"in_aoa":false,"dist_km":10.45},"geometry":{"type":"Polygon","coordinates":[[[106.80079,-6.10256],[106.79787,-6.0904],[106.78544,-6.08734],[106.77592,-6.09643],[106.77884,-6.10859],[106.79127,-6.11165],[106.80079,-6.10256]]]}},{"type":"Feature","properties":{"h3_id":"878c106f3ffffff","center_lat":-6.156936976982754,"center_lon":106.65002046286303,"in_aoa":true,"dist_km":12.85},"geometry":{"type":"Polygon","coordinates":[[[106.66246,-6.16],[106.65954,-6.14784],[106.64709,-6.14478],[106.63758,-6.15387],[106.6405,-6.16603],[106.65295,-6.16909],[106.66246,-6.16]]]}},{"type":"Feature","properties":{"h3_id":"878c12b70ffffff","center_lat":-6.087687781897205,"center_lon":106.97259608248544,"in_aoa":false,"dist_km":10.98},"geometry":{"type":"Polygon","coordinates":[[[106.98501,-6.09075],[106.98211,-6.07859],[106.96969,-6.07554],[106.96018,-6.08463],[106.96309,-6.09678],[106.9755,-6.09984],[106.98501,-6.09075]]]}},{"type":"Feature","properties":{"h3_id":"878c107a6ffffff","center_lat":-6.278742732383419,"center_lon":106.91319948779044,"in_aoa":true,"dist_km":0.0},"geometry":{"type":"Polygon","coordinates":[[[106.92561,-6.28179],[106.92271,-6.26966],[106.91029,-6.26661],[106.90078,-6.2757],[106.90369,-6.28783],[106.91611,-6.29087],[106.92561,-6.28179]]]}},{"type":"Feature","properties":{"h3_id":"878c1070affffff","center_lat":-6.357375790708735,"center_lon":106.76844605638715,"in_aoa":true,"dist_km":4.24},"geometry":{"type":"Polygon","coordinates":[[[106.78087,-6.36042],[106.77795,-6.3483],[106.76553,-6.34525],[106.75602,-6.35433],[106.75894,-6.36646],[106.77136,-6.3695],[106.78087,-6.36042]]]}},{"type":"Feature","properties":{"h3_id":"878c1079effffff","center_lat":-6.175548882327685,"center_lon":106.86507366307505,"in_aoa":true,"dist_km":5.03},"geometry":{"type":"Polygon","coordinates":[[[106.8775,-6.1786],[106.87458,-6.16646],[106.86216,-6.1634],[106.85265,-6.17249],[106.85556,-6.18464],[106.86799,-6.18769],[106.8775,-6.1786]]]}},{"type":"Feature","properties":{"h3_id":"878c104e8ffffff","center_lat":-6.239416319485874,"center_lon":106.9855504813338,"in_aoa":false,"dist_km":9.12},"geometry":{"type":"Polygon","coordinates":[[[106.99796,-6.24246],[106.99506,-6.23033],[106.98265,-6.22728],[106.97314,-6.23637],[106.97605,-6.2485],[106.98846,-6.25155],[106.99796,-6.24246]]]}},{"type":"Feature","properties":{"h3_id":"878c1045cffffff","center_lat":-6.303044239917683,"center_lon":106.96575492384999,"in_aoa":true,"dist_km":6.41},"geometry":{"type":"Polygon","coordinates":[[[106.97816,-6.30609],[106.97526,-6.29396],[106.96285,-6.29092],[106.95335,-6.3],[106.95625,-6.31212],[106.96866,-6.31517],[106.97816,-6.30609]]]}},{"type":"Feature","properties":{"h3_id":"878c10712ffffff","center_lat":-6.312026293072055,"center_lon":106.86275753024448,"in_aoa":true,"dist_km":6.69},"geometry":{"type":"Polygon","coordinates":[[[106.87518,-6.31507],[106.87226,-6.30294],[106.85985,-6.2999],[106.85034,-6.30898],[106.85325,-6.32111],[106.86567,-6.32415],[106.87518,-6.31507]]]}},{"type":"Feature","properties":{"h3_id":"878c1068dffffff","center_lat":-6.144875733757189,"center_lon":106.69394170080943,"in_aoa":true,"dist_km":9.59},"geometry":{"type":"Polygon","coordinates":[[[106.70638,-6.14794],[106.70346,-6.13578],[106.69102,-6.13272],[106.6815,-6.14181],[106.68442,-6.15397],[106.69686,-6.15703],[106.70638,-6.14794]]]}},{"type":"Feature","properties":{"h3_id":"878c1046bffffff","center_lat":-6.372677261867835,"center_lon":106.92405304958227,"in_aoa":false,"dist_km":10.51},"geometry":{"type":"Polygon","coordinates":[[[106.93646,-6.37572],[106.93356,-6.3636],[106.92115,-6.36056],[106.91164,-6.36964],[106.91455,-6.38175],[106.92696,-6.38479],[106.93646,-6.37572]]]}},{"type":"Feature","properties":{"h3_id":"878c10610ffffff","center_lat":-6.226951917034001,"center_lon":106.74877773426743,"in_aoa":true,"dist_km":2.47},"geometry":{"type":"Polygon","coordinates":[[[106.76121,-6.23001],[106.75829,-6.21786],[106.74586,-6.21481],[106.73634,-6.2239],[106.73926,-6.23604],[106.7517,-6.23909],[106.76121,-6.23001]]]}},{"type":"Feature","properties":{"h3_id":"878c107b5ffffff","center_lat":-6.257529301160775,"center_lon":106.91979670657024,"in_aoa":true,"dist_km":2.47},"geometry":{"type":"Polygon","coordinates":[[[106.93221,-6.26058],[106.9293,-6.24844],[106.91689,-6.2454],[106.90738,-6.25448],[106.91029,-6.26661],[106.92271,-6.26966],[106.93221,-6.26058]]]}},{"type":"Feature","properties":{"h3_id":"878c106a4ffffff","center_lat":-6.1936519468429525,"center_lon":106.79925989838068,"in_aoa":true,"dist_km":2.52},"geometry":{"type":"Polygon","coordinates":[[[106.81169,-6.19671],[106.80877,-6.18456],[106.79634,-6.18151],[106.78683,-6.1906],[106.78975,-6.20274],[106.80218,-6.2058],[106.81169,-6.19671]]]}},{"type":"Feature","properties":{"h3_id":"878c13d21ffffff","center_lat":-6.077934101945565,"center_lon":106.65443142929111,"in_aoa":false,"dist_km":18.07},"geometry":{"type":"Polygon","coordinates":[[[106.66688,-6.081],[106.66395,-6.06884],[106.65151,-6.06577],[106.64198,-6.07486],[106.64491,-6.08703],[106.65736,-6.0901],[106.66688,-6.081]]]}},{"type":"Feature","properties":{"h3_id":"878c104d9ffffff","center_lat":-6.145369605503673,"center_lon":106.97471532101939,"in_aoa":false,"dist_km":7.55},"geometry":{"type":"Polygon","coordinates":[[[106.98713,-6.14842],[106.98422,-6.13628],[106.97181,-6.13323],[106.9623,-6.14232],[106.96521,-6.15446],[106.97762,-6.15751],[106.98713,-6.14842]]]}},{"type":"Feature","properties":{"h3_id":"878c106d2ffffff","center_lat":-6.099197928146402,"center_lon":106.64783674330187,"in_aoa":false,"dist_km":16.78},"geometry":{"type":"Polygon","coordinates":[[[106.66028,-6.10227],[106.65736,-6.0901],[106.64491,-6.08703],[106.63539,-6.09613],[106.63832,-6.10829],[106.65076,-6.11136],[106.66028,-6.10227]]]}},{"type":"Feature","properties":{"h3_id":"878c12b66ffffff","center_lat":-6.130170426890722,"center_lon":106.95939263553079,"in_aoa":false,"dist_km":6.7},"geometry":{"type":"Polygon","coordinates":[[[106.97181,-6.13323],[106.9689,-6.12108],[106.95648,-6.11802],[106.94698,-6.12712],[106.94988,-6.13926],[106.9623,-6.14232],[106.97181,-6.13323]]]}},{"type":"Feature","properties":{"h3_id":"878c10700ffffff","center_lat":-6.38167014390837,"center_lon":106.82105079627762,"in_aoa":false,"dist_km":2.39},"geometry":{"type":"Polygon","coordinates":[[[106.83347,-6.38471],[106.83056,-6.37259],[106.81814,-6.36955],[106.80863,-6.37863],[106.81154,-6.39075],[106.82396,-6.39379],[106.83347,-6.38471]]]}},{"type":"Feature","properties":{"h3_id":"878c1044affffff","center_lat":-6.315120713337063,"center_lon":106.92192528560449,"in_aoa":true,"dist_km":4.16},"geometry":{"type":"Polygon","coordinates":[[[106.93434,-6.31816],[106.93143,-6.30604],[106.91902,-6.303],[106.90951,-6.31208],[106.91242,-6.3242],[106.92483,-6.32724],[106.93434,-6.31816]]]}},{"type":"Feature","properties":{"h3_id":"878c10445ffffff","center_lat":-6.360599280901993,"center_lon":106.96787406244204,"in_aoa":true,"dist_km":10.93},"geometry":{"type":"Polygon","coordinates":[[[106.98028,-6.36364],[106.97738,-6.35152],[106.96497,-6.34848],[106.95547,-6.35756],[106.95837,-6.36968],[106.97078,-6.37271],[106.98028,-6.36364]]]}},{"type":"Feature","properties":{"h3_id":"878c10794ffffff","center_lat":-6.199903110371282,"center_lon":106.917667312017,"in_aoa":true,"dist_km":4.16},"geometry":{"type":"Polygon","coordinates":[[[106.93008,-6.20295],[106.92718,-6.19082],[106.91476,-6.18776],[106.90525,-6.19685],[106.90816,-6.20899],[106.92058,-6.21204],[106.93008,-6.20295]]]}},{"type":"Feature","properties":{"h3_id":"878c104deffffff","center_lat":-6.133295337724686,"center_lon":107.01855506108264,"in_aoa":false,"dist_km":12.57},"geometry":{"type":"Polygon","coordinates":[[[107.03097,-6.13635],[107.02806,-6.1242],[107.01565,-6.12115],[107.00614,-6.13024],[107.00905,-6.14239],[107.02146,-6.14544],[107.03097,-6.13635]]]}},{"type":"Feature","properties":{"h3_id":"878c10683ffffff","center_lat":-6.111560855213164,"center_lon":106.74444970564731,"in_aoa":false,"dist_km":10.54},"geometry":{"type":"Polygon","coordinates":[[[106.75689,-6.11462],[106.75397,-6.10247],[106.74153,-6.0994],[106.73201,-6.1085],[106.73493,-6.12066],[106.74737,-6.12372],[106.75689,-6.11462]]]}},{"type":"Feature","properties":{"h3_id":"878c12b61ffffff","center_lat":-6.142242226385549,"center_lon":106.91553710148186,"in_aoa":true,"dist_km":2.47},"geometry":{"type":"Polygon","coordinates":[[[106.92796,-6.1453],[106.92505,-6.13315],[106.91263,-6.13009],[106.90312,-6.13919],[106.90603,-6.15133],[106.91845,-6.15439],[106.92796,-6.1453]]]}},{"type":"Feature","properties":{"h3_id":"878c12a6cffffff","center_lat":-6.041750822699424,"center_lon":106.78619680852573,"in_aoa":false,"dist_km":16.68},"geometry":{"type":"Polygon","coordinates":[[[106.79863,-6.04482],[106.79571,-6.03265],[106.78328,-6.02958],[106.77376,-6.03868],[106.77668,-6.05085],[106.78912,-6.05392],[106.79863,-6.04482]]]}},{"type":"Feature","properties":{"h3_id":"878c10606ffffff","center_lat":-6.269407036919568,"center_lon":106.7355906826558,"in_aoa":true,"dist_km":7.41},"geometry":{"type":"Polygon","coordinates":[[[106.74802,-6.27246],[106.7451,-6.26032],[106.73267,-6.25727],[106.72316,-6.26635],[106.72608,-6.27849],[106.73851,-6.28154],[106.74802,-6.27246]]]}},{"type":"Feature","properties":{"h3_id":"878c107abffffff","center_lat":-6.266492099143185,"center_lon":106.81675363572103,"in_aoa":true,"dist_km":8.78},"geometry":{"type":"Polygon","coordinates":[[[106.82918,-6.26954],[106.82626,-6.25741],[106.81384,-6.25436],[106.80433,-6.26344],[106.80724,-6.27558],[106.81967,-6.27863],[106.82918,-6.26954]]]}},{"type":"Feature","properties":{"h3_id":"878c1009affffff","center_lat":-6.415054844876561,"center_lon":106.91086387696033,"in_aoa":false,"dist_km":12.81},"geometry":{"type":"Polygon","coordinates":[[[106.92327,-6.41809],[106.92037,-6.40598],[106.90796,-6.40294],[106.89845,-6.41202],[106.90136,-6.42413],[106.91377,-6.42716],[106.92327,-6.41809]]]}},{"type":"Feature","properties":{"h3_id":"878c1069affffff","center_lat":-6.053813397702277,"center_lon":106.74228444712317,"in_aoa":false,"dist_km":16.95},"geometry":{"type":"Polygon","coordinates":[[[106.75472,-6.05688],[106.7518,-6.04471],[106.73936,-6.04165],[106.72984,-6.05075],[106.73277,-6.06291],[106.74521,-6.06598],[106.75472,-6.05688]]]}},{"type":"Feature","properties":{"h3_id":"878c1061dffffff","center_lat":-6.24504945016104,"center_lon":106.68293039774684,"in_aoa":true,"dist_km":9.12},"geometry":{"type":"Polygon","coordinates":[[[106.69537,-6.24811],[106.69245,-6.23596],[106.68001,-6.2329],[106.67049,-6.24199],[106.67342,-6.25414],[106.68585,-6.25719],[106.69537,-6.24811]]]}},{"type":"Feature","properties":{"h3_id":"878c106b1ffffff","center_lat":-6.135963892924788,"center_lon":106.79710610454143,"in_aoa":true,"dist_km":6.33},"geometry":{"type":"Polygon","coordinates":[[[106.80954,-6.13902],[106.80662,-6.12687],[106.79419,-6.12381],[106.78467,-6.1329],[106.78759,-6.14506],[106.80002,-6.14812],[106.80954,-6.13902]]]}},{"type":"Feature","properties":{"h3_id":"878c10634ffffff","center_lat":-6.293744780091352,"center_lon":106.78822432999232,"in_aoa":true,"dist_km":8.32},"geometry":{"type":"Polygon","coordinates":[[[106.80065,-6.29679],[106.79773,-6.28466],[106.78531,-6.28161],[106.7758,-6.2907],[106.77871,-6.30283],[106.79114,-6.30588],[106.80065,-6.29679]]]}},{"type":"Feature","properties":{"h3_id":"878c12b45ffffff","center_lat":-6.105794053954048,"center_lon":106.9068053544331,"in_aoa":false,"dist_km":6.42},"geometry":{"type":"Polygon","coordinates":[[[106.91923,-6.10885],[106.91632,-6.0967],[106.90389,-6.09364],[106.89438,-6.10274],[106.89729,-6.11489],[106.90972,-6.11795],[106.91923,-6.10885]]]}},{"type":"Feature","properties":{"h3_id":"878c12b5cffffff","center_lat":-6.048075271481512,"center_lon":106.90467234266423,"in_aoa":false,"dist_km":12.84},"geometry":{"type":"Polygon","coordinates":[[[106.9171,-6.05114],[106.91419,-6.03898],[106.90176,-6.03591],[106.89225,-6.04501],[106.89516,-6.05717],[106.90758,-6.06023],[106.9171,-6.05114]]]}},{"type":"Feature","properties":{"h3_id":"878c106f6ffffff","center_lat":-6.166124310739183,"center_lon":106.68734746397216,"in_aoa":true,"dist_km":8.71},"geometry":{"type":"Polygon","coordinates":[[[106.69979,-6.16919],[106.69686,-6.15703],[106.68442,-6.15397],[106.67491,-6.16306],[106.67783,-6.17522],[106.69027,-6.17828],[106.69979,-6.16919]]]}},{"type":"Feature","properties":{"h3_id":"878c10440ffffff","center_lat":-6.339405075797308,"center_lon":106.97447081510859,"in_aoa":true,"dist_km":9.56},"geometry":{"type":"Polygon","coordinates":[[[106.98688,-6.34244],[106.98397,-6.33033],[106.97157,-6.32729],[106.96206,-6.33637],[106.96497,-6.34848],[106.97738,-6.35152],[106.98688,-6.34244]]]}},{"type":"Feature","properties":{"h3_id":"878c12b4affffff","center_lat":-6.0601427311595275,"center_lon":106.86079117586867,"in_aoa":false,"dist_km":12.66},"geometry":{"type":"Polygon","coordinates":[[[106.87322,-6.06321],[106.87031,-6.05105],[106.85788,-6.04798],[106.84836,-6.05708],[106.85128,-6.06924],[106.86371,-6.0723],[106.87322,-6.06321]]]}},{"type":"Feature","properties":{"h3_id":"878c1078affffff","center_lat":-6.208850820940275,"center_lon":106.8146038207063,"in_aoa":true,"dist_km":2.47},"geometry":{"type":"Polygon","coordinates":[[[106.82703,-6.2119],[106.82412,-6.19976],[106.81169,-6.19671],[106.80218,-6.2058],[106.80509,-6.21794],[106.81752,-6.22099],[106.82703,-6.2119]]]}},{"type":"Feature","properties":{"h3_id":"878c12b73ffffff","center_lat":-6.072476544024697,"center_lon":106.95727024703976,"in_aoa":false,"dist_km":11.44},"geometry":{"type":"Polygon","coordinates":[[[106.96969,-6.07554],[106.96678,-6.06338],[106.95436,-6.06032],[106.94485,-6.06942],[106.94776,-6.08157],[106.96018,-6.08463],[106.96969,-6.07554]]]}},{"type":"Feature","properties":{"h3_id":"878c107a1ffffff","center_lat":-6.29081637203006,"center_lon":106.86935286982515,"in_aoa":true,"dist_km":5.03},"geometry":{"type":"Polygon","coordinates":[[[106.88177,-6.29386],[106.87886,-6.28173],[106.86644,-6.27869],[106.85693,-6.28777],[106.85985,-6.2999],[106.87226,-6.30294],[106.88177,-6.29386]]]}},{"type":"Feature","properties":{"h3_id":"878c104ebffffff","center_lat":-6.224237455760313,"center_lon":106.9702340606923,"in_aoa":true,"dist_km":8.74},"geometry":{"type":"Polygon","coordinates":[[[106.98265,-6.22728],[106.97974,-6.21515],[106.96733,-6.2121],[106.95782,-6.22119],[106.96073,-6.23332],[106.97314,-6.23637],[106.98265,-6.22728]]]}},{"type":"Feature","properties":{"h3_id":"878c10690ffffff","center_lat":-6.078241221792246,"center_lon":106.79495148520586,"in_aoa":false,"dist_km":12.5},"geometry":{"type":"Polygon","coordinates":[[[106.80738,-6.08131],[106.80447,-6.06914],[106.79203,-6.06608],[106.78252,-6.07518],[106.78544,-6.08734],[106.79787,-6.0904],[106.80738,-6.08131]]]}},{"type":"Feature","properties":{"h3_id":"878c10613ffffff","center_lat":-6.211751537734894,"center_lon":106.73342475561212,"in_aoa":true,"dist_km":2.52},"geometry":{"type":"Polygon","coordinates":[[[106.74586,-6.21481],[106.74294,-6.20266],[106.7305,-6.1996],[106.72099,-6.20869],[106.72391,-6.22084],[106.73634,-6.2239],[106.74586,-6.21481]]]}},{"type":"Feature","properties":{"h3_id":"878c12b0dffffff","center_lat":-6.060404944374846,"center_lon":107.00112473948789,"in_aoa":false,"dist_km":15.34},"geometry":{"type":"Polygon","coordinates":[[[107.01354,-6.06346],[107.01063,-6.05131],[106.99822,-6.04825],[106.98871,-6.05735],[106.99162,-6.0695],[107.00403,-6.07256],[107.01354,-6.06346]]]}},{"type":"Feature","properties":{"h3_id":"878c13d24ffffff","center_lat":-6.087138099631676,"center_lon":106.69176663002487,"in_aoa":false,"dist_km":14.94},"geometry":{"type":"Polygon","coordinates":[[[106.70421,-6.0902],[106.70129,-6.07804],[106.68884,-6.07497],[106.67932,-6.08407],[106.68225,-6.09624],[106.69469,-6.0993],[106.70421,-6.0902]]]}},{"type":"Feature","properties":{"h3_id":"878c10780ffffff","center_lat":-6.2332000027273295,"center_lon":106.86721367627447,"in_aoa":true,"dist_km":7.17},"geometry":{"type":"Polygon","coordinates":[[[106.87963,-6.23625],[106.87672,-6.22411],[106.8643,-6.22106],[106.85479,-6.23015],[106.8577,-6.24229],[106.87013,-6.24534],[106.87963,-6.23625]]]}},{"type":"Feature","properties":{"h3_id":"878c104caffffff","center_lat":-6.166601522038696,"center_lon":106.96811446593692,"in_aoa":true,"dist_km":6.55},"geometry":{"type":"Polygon","coordinates":[[[106.98053,-6.16965],[106.97762,-6.15751],[106.96521,-6.15446],[106.9557,-6.16355],[106.95861,-6.17569],[106.97102,-6.17874],[106.98053,-6.16965]]]}},{"type":"Feature","properties":{"h3_id":"878c12b69ffffff","center_lat":-6.139106988602887,"center_lon":106.85633399239099,"in_aoa":true,"dist_km":6.42},"geometry":{"type":"Polygon","coordinates":[[[106.86876,-6.14216],[106.86585,-6.13001],[106.85342,-6.12696],[106.84391,-6.13605],[106.84682,-6.1482],[106.85925,-6.15126],[106.86876,-6.14216]]]}},{"type":"Feature","properties":{"h3_id":"878c10703ffffff","center_lat":-6.366507547547309,"center_lon":106.80571633160123,"in_aoa":true,"dist_km":0.0},"geometry":{"type":"Polygon","coordinates":[[[106.81814,-6.36955],[106.81522,-6.35743],[106.8028,-6.35438],[106.79329,-6.36346],[106.79621,-6.37559],[106.80863,-6.37863],[106.81814,-6.36955]]]}},{"type":"Feature","properties":{"h3_id":"878c1044dffffff","center_lat":-6.357521096943196,"center_lon":106.90873378141644,"in_aoa":true,"dist_km":8.77},"geometry":{"type":"Polygon","coordinates":[[[106.92115,-6.36056],[106.91824,-6.34844],[106.90583,-6.3454],[106.89632,-6.35448],[106.89923,-6.3666],[106.91164,-6.36964],[106.92115,-6.36056]]]}},{"type":"Feature","properties":{"h3_id":"878c10686ffffff","center_lat":-6.120748619925276,"center_lon":106.7817559589735,"in_aoa":true,"dist_km":8.62},"geometry":{"type":"Polygon","coordinates":[[[106.79419,-6.12381],[106.79127,-6.11165],[106.77884,-6.10859],[106.76932,-6.11769],[106.77224,-6.12984],[106.78467,-6.1329],[106.79419,-6.12381]]]}},{"type":"Feature","properties":{"h3_id":"878c1071affffff","center_lat":-6.308923859545529,"center_lon":106.80356501144288,"in_aoa":true,"dist_km":6.41},"geometry":{"type":"Polygon","coordinates":[[[106.81599,-6.31197],[106.81307,-6.29984],[106.80065,-6.29679],[106.79114,-6.30588],[106.79406,-6.31801],[106.80648,-6.32105],[106.81599,-6.31197]]]}},{"type":"Feature","properties":{"h3_id":"878c107aeffffff","center_lat":-6.275638814615369,"center_lon":106.85402126854024,"in_aoa":true,"dist_km":6.55},"geometry":{"type":"Polygon","coordinates":[[[106.86644,-6.27869],[106.86353,-6.26655],[106.85111,-6.26351],[106.8416,-6.27259],[106.84451,-6.28472],[106.85693,-6.28777],[106.86644,-6.27869]]]}},{"type":"Feature","properties":{"h3_id":"878c1069dffffff","center_lat":-6.096336402948136,"center_lon":106.72909041123293,"in_aoa":false,"dist_km":12.51},"geometry":{"type":"Polygon","coordinates":[[[106.74153,-6.0994],[106.73861,-6.08724],[106.72617,-6.08417],[106.71665,-6.09327],[106.71957,-6.10543],[106.73201,-6.1085],[106.74153,-6.0994]]]}},{"type":"Feature","properties":{"h3_id":"878c10731ffffff","center_lat":-6.390791199809535,"center_lon":106.85830349727657,"in_aoa":false,"dist_km":6.41},"geometry":{"type":"Polygon","coordinates":[[[106.87072,-6.39383],[106.86781,-6.38171],[106.85539,-6.37867],[106.84589,-6.38775],[106.8488,-6.39987],[106.86121,-6.40291],[106.87072,-6.39383]]]}},{"type":"Feature","properties":{"h3_id":"878c10620ffffff","center_lat":-6.327027709792477,"center_lon":106.73775578022979,"in_aoa":true,"dist_km":8.7},"geometry":{"type":"Polygon","coordinates":[[[106.75018,-6.33008],[106.74727,-6.31795],[106.73484,-6.3149],[106.72533,-6.32398],[106.72825,-6.33611],[106.74067,-6.33916],[106.75018,-6.33008]]]}},{"type":"Feature","properties":{"h3_id":"878c106b4ffffff","center_lat":-6.145141091459059,"center_lon":106.83439477996097,"in_aoa":true,"dist_km":4.94},"geometry":{"type":"Polygon","coordinates":[[[106.84682,-6.1482],[106.84391,-6.13605],[106.83148,-6.13299],[106.82197,-6.14208],[106.82488,-6.15423],[106.83731,-6.15729],[106.84682,-6.1482]]]}},{"type":"Feature","properties":{"h3_id":"878c12b48ffffff","center_lat":-6.081397881340297,"center_lon":106.85419117178614,"in_aoa":false,"dist_km":10.95},"geometry":{"type":"Polygon","coordinates":[[[106.86662,-6.08446],[106.86371,-6.0723],[106.85128,-6.06924],[106.84176,-6.07834],[106.84468,-6.09049],[106.85711,-6.09355],[106.86662,-6.08446]]]}},{"type":"Feature","properties":{"h3_id":"878c104c0ffffff","center_lat":-6.190940935736101,"center_lon":107.02066485528583,"in_aoa":true,"dist_km":12.72},"geometry":{"type":"Polygon","coordinates":[[[107.03307,-6.19399],[107.03017,-6.18185],[107.01776,-6.1788],[107.00826,-6.18789],[107.01116,-6.20003],[107.02357,-6.20308],[107.03307,-6.19399]]]}},{"type":"Feature","properties":{"h3_id":"878c106b6ffffff","center_lat":-6.123897067210986,"center_lon":106.84099297373997,"in_aoa":false,"dist_km":7.42},"geometry":{"type":"Polygon","coordinates":[[[106.85342,-6.12696],[106.85051,-6.1148],[106.83808,-6.11174],[106.82856,-6.12084],[106.83148,-6.13299],[106.84391,-6.13605],[106.85342,-6.12696]]]}},{"type":"Feature","properties":{"h3_id":"878c10443ffffff","center_lat":-6.324246067895552,"center_lon":106.95915760364362,"in_aoa":true,"dist_km":7.17},"geometry":{"type":"Polygon","coordinates":[[[106.97157,-6.32729],[106.96866,-6.31517],[106.95625,-6.31212],[106.94675,-6.3212],[106.94965,-6.33333],[106.96206,-6.33637],[106.97157,-6.32729]]]}},{"type":"Feature","properties":{"h3_id":"878c1078dffffff","center_lat":-6.251305297577834,"center_lon":106.80141286719189,"in_aoa":true,"dist_km":7.18},"geometry":{"type":"Polygon","coordinates":[[[106.81384,-6.25436],[106.81092,-6.24222],[106.7985,-6.23917],[106.78899,-6.24825],[106.7919,-6.26039],[106.80433,-6.26344],[106.81384,-6.25436]]]}},{"type":"Feature","properties":{"h3_id":"878c12b76ffffff","center_lat":-6.081651647468153,"center_lon":106.99452148533716,"in_aoa":false,"dist_km":13.13},"geometry":{"type":"Polygon","coordinates":[[[107.00694,-6.08471],[107.00403,-6.07256],[106.99162,-6.0695],[106.98211,-6.07859],[106.98501,-6.09075],[106.99743,-6.0938],[107.00694,-6.08471]]]}},{"type":"Feature","properties":{"h3_id":"878c10710ffffff","center_lat":-6.333232457876839,"center_lon":106.85616279289081,"in_aoa":true,"dist_km":6.69},"geometry":{"type":"Polygon","coordinates":[[[106.86858,-6.33628],[106.86567,-6.32415],[106.85325,-6.32111],[106.84374,-6.33019],[106.84666,-6.34231],[106.85907,-6.34536],[106.86858,-6.33628]]]}},{"type":"Feature","properties":{"h3_id":"878c10622ffffff","center_lat":-6.305813413245224,"center_lon":106.74434784008209,"in_aoa":true,"dist_km":9.57},"geometry":{"type":"Polygon","coordinates":[[[106.75678,-6.30886],[106.75386,-6.29673],[106.74143,-6.29368],[106.73192,-6.30276],[106.73484,-6.3149],[106.74727,-6.31795],[106.75678,-6.30886]]]}},{"type":"Feature","properties":{"h3_id":"878c12a65ffffff","center_lat":-6.050949625796745,"center_lon":106.82349975101121,"in_aoa":false,"dist_km":15.2},"geometry":{"type":"Polygon","coordinates":[[[106.83593,-6.05401],[106.83302,-6.04185],[106.82058,-6.03879],[106.81107,-6.04788],[106.81398,-6.06005],[106.82642,-6.06311],[106.83593,-6.05401]]]}},{"type":"Feature","properties":{"h3_id":"878c1045affffff","center_lat":-6.266667535268878,"center_lon":106.9570364860738,"in_aoa":true,"dist_km":5.03},"geometry":{"type":"Polygon","coordinates":[[[106.96945,-6.26971],[106.96654,-6.25758],[106.95413,-6.25454],[106.94462,-6.26362],[106.94753,-6.27575],[106.95994,-6.27879],[106.96945,-6.26971]]]}},{"type":"Feature","properties":{"h3_id":"878c10733ffffff","center_lat":-6.369596437120835,"center_lon":106.8648970697599,"in_aoa":true,"dist_km":6.55},"geometry":{"type":"Polygon","coordinates":[[[106.87731,-6.37264],[106.8744,-6.36052],[106.86199,-6.35748],[106.85248,-6.36656],[106.85539,-6.37867],[106.86781,-6.38171],[106.87731,-6.37264]]]}},{"type":"Feature","properties":{"h3_id":"878c107a4ffffff","center_lat":-6.29995242051253,"center_lon":106.90660287003371,"in_aoa":true,"dist_km":2.47},"geometry":{"type":"Polygon","coordinates":[[[106.91902,-6.303],[106.91611,-6.29087],[106.90369,-6.28783],[106.89419,-6.29691],[106.8971,-6.30903],[106.90951,-6.31208],[106.91902,-6.303]]]}},{"type":"Feature","properties":{"h3_id":"878c104eeffffff","center_lat":-6.233377901993725,"center_lon":107.00746356411469,"in_aoa":true,"dist_km":11.58},"geometry":{"type":"Polygon","coordinates":[[[107.01987,-6.23642],[107.01697,-6.22429],[107.00456,-6.22125],[106.99506,-6.23033],[106.99796,-6.24246],[107.01037,-6.24551],[107.01987,-6.23642]]]}},{"type":"Feature","properties":{"h3_id":"878c10693ffffff","center_lat":-6.063013924844578,"center_lon":106.77959818243569,"in_aoa":false,"dist_km":14.6},"geometry":{"type":"Polygon","coordinates":[[[106.79203,-6.06608],[106.78912,-6.05392],[106.77668,-6.05085],[106.76716,-6.05995],[106.77008,-6.07211],[106.78252,-6.07518],[106.79203,-6.06608]]]}},{"type":"Feature","properties":{"h3_id":"878c10616ffffff","center_lat":-6.22091861028224,"center_lon":106.77072213227663,"in_aoa":true,"dist_km":2.4},"geometry":{"type":"Polygon","coordinates":[[[106.78315,-6.22397],[106.78023,-6.21183],[106.7678,-6.20877],[106.75829,-6.21786],[106.76121,-6.23001],[106.77364,-6.23306],[106.78315,-6.22397]]]}},{"type":"Feature","properties":{"h3_id":"878c106aaffffff","center_lat":-6.154061297771589,"center_lon":106.73125799862811,"in_aoa":true,"dist_km":6.33},"geometry":{"type":"Polygon","coordinates":[[[106.74369,-6.15712],[106.74077,-6.14497],[106.72834,-6.14191],[106.71882,-6.151],[106.72174,-6.16315],[106.73418,-6.16621],[106.74369,-6.15712]]]}},{"type":"Feature","properties":{"h3_id":"878c12b55ffffff","center_lat":-6.0572609524425385,"center_lon":106.9419413257367,"in_aoa":false,"dist_km":12.36},"geometry":{"type":"Polygon","coordinates":[[[106.95436,-6.06032],[106.95145,-6.04816],[106.93903,-6.0451],[106.92952,-6.0542],[106.93243,-6.06636],[106.94485,-6.06942],[106.95436,-6.06032]]]}},{"type":"Feature","properties":{"h3_id":"878c10783ffffff","center_lat":-6.218010355006689,"center_lon":106.85187892375966,"in_aoa":false,"dist_km":4.79},"geometry":{"type":"Polygon","coordinates":[[[106.8643,-6.22106],[106.86139,-6.20892],[106.84897,-6.20587],[106.83946,-6.21496],[106.84237,-6.2271],[106.85479,-6.23015],[106.8643,-6.22106]]]}},{"type":"Feature","properties":{"h3_id":"878c107b0ffffff","center_lat":-6.236312132515536,"center_lon":106.92639452628032,"in_aoa":true,"dist_km":4.94},"geometry":{"type":"Polygon","coordinates":[[[106.93881,-6.23936],[106.9359,-6.22723],[106.92349,-6.22418],[106.91398,-6.23326],[106.91689,-6.2454],[106.9293,-6.24844],[106.93881,-6.23936]]]}},{"type":"Feature","properties":{"h3_id":"878c104cdffffff","center_lat":-6.209054216650178,"center_lon":106.9549145558678,"in_aoa":true,"dist_km":7.18},"geometry":{"type":"Polygon","coordinates":[[[106.96733,-6.2121],[106.96442,-6.19997],[106.95201,-6.19692],[106.9425,-6.206],[106.94541,-6.21814],[106.95782,-6.22119],[106.96733,-6.2121]]]}},{"type":"Feature","properties":{"h3_id":"878c12b6cffffff","center_lat":-6.148277576842283,"center_lon":106.89360571996126,"in_aoa":true,"dist_km":2.39},"geometry":{"type":"Polygon","coordinates":[[[106.90603,-6.15133],[106.90312,-6.13919],[106.89069,-6.13613],[106.88118,-6.14522],[106.8841,-6.15737],[106.89652,-6.16042],[106.90603,-6.15133]]]}},{"type":"Feature","properties":{"h3_id":"878c10706ffffff","center_lat":-6.375633496166486,"center_lon":106.84297512523334,"in_aoa":false,"dist_km":4.24},"geometry":{"type":"Polygon","coordinates":[[[106.85539,-6.37867],[106.85248,-6.36656],[106.84006,-6.36351],[106.83056,-6.37259],[106.83347,-6.38471],[106.84589,-6.38775],[106.85539,-6.37867]]]}},{"type":"Feature","properties":{"h3_id":"878c1079affffff","center_lat":-6.160347164417378,"center_lon":106.84973575808347,"in_aoa":true,"dist_km":4.38},"geometry":{"type":"Polygon","coordinates":[[[106.86216,-6.1634],[106.85925,-6.15126],[106.84682,-6.1482],[106.83731,-6.15729],[106.84022,-6.16944],[106.85265,-6.17249],[106.86216,-6.1634]]]}},{"type":"Feature","properties":{"h3_id":"878c1071cffffff","center_lat":-6.345304942700706,"center_lon":106.8123091777976,"in_aoa":true,"dist_km":2.47},"geometry":{"type":"Polygon","coordinates":[[[106.82473,-6.34835],[106.82182,-6.33622],[106.80939,-6.33318],[106.79989,-6.34226],[106.8028,-6.35438],[106.81522,-6.35743],[106.82473,-6.34835]]]}},{"type":"Feature","properties":{"h3_id":"878c10689ffffff","center_lat":-6.129654131341403,"center_lon":106.67857643726674,"in_aoa":true,"dist_km":11.98},"geometry":{"type":"Polygon","coordinates":[[[106.69102,-6.13272],[106.6881,-6.12056],[106.67565,-6.11749],[106.66613,-6.12659],[106.66906,-6.13875],[106.6815,-6.14181],[106.69102,-6.13272]]]}},{"type":"Feature","properties":{"h3_id":"878c1071dffffff","center_lat":-6.351340572784777,"center_lon":106.79037880236234,"in_aoa":true,"dist_km":2.39},"geometry":{"type":"Polygon","coordinates":[[[106.8028,-6.35438],[106.79989,-6.34226],[106.78746,-6.33922],[106.77795,-6.3483],[106.78087,-6.36042],[106.79329,-6.36346],[106.8028,-6.35438]]]}},{"type":"Feature","properties":{"h3_id":"878c107b1ffffff","center_lat":-6.242348900349023,"center_lon":106.90447114234931,"in_aoa":true,"dist_km":4.16},"geometry":{"type":"Polygon","coordinates":[[[106.91689,-6.2454],[106.91398,-6.23326],[106.90156,-6.23021],[106.89205,-6.2393],[106.89496,-6.25143],[106.90738,-6.25448],[106.91689,-6.2454]]]}},{"type":"Feature","properties":{"h3_id":"878c106a0ffffff","center_lat":-6.178448718153165,"center_lon":106.78391290876633,"in_aoa":true,"dist_km":4.25},"geometry":{"type":"Polygon","coordinates":[[[106.79634,-6.18151],[106.79343,-6.16936],[106.781,-6.1663],[106.77148,-6.17539],[106.7744,-6.18754],[106.78683,-6.1906],[106.79634,-6.18151]]]}},{"type":"Feature","properties":{"h3_id":"878c10688ffffff","center_lat":-6.123623421870014,"center_lon":106.70053654496523,"in_aoa":true,"dist_km":10.96},"geometry":{"type":"Polygon","coordinates":[[[106.71298,-6.12669],[106.71005,-6.11453],[106.69761,-6.11146],[106.6881,-6.12056],[106.69102,-6.13272],[106.70346,-6.13578],[106.71298,-6.12669]]]}},{"type":"Feature","properties":{"h3_id":"878c10734ffffff","center_lat":-6.399906432650955,"center_lon":106.89554468058043,"in_aoa":false,"dist_km":10.6},"geometry":{"type":"Polygon","coordinates":[[[106.90796,-6.40294],[106.90505,-6.39083],[106.89264,-6.38779],[106.88313,-6.39687],[106.88604,-6.40898],[106.89845,-6.41202],[106.90796,-6.40294]]]}},{"type":"Feature","properties":{"h3_id":"878c10623ffffff","center_lat":-6.311847117806816,"center_lon":106.72240605400825,"in_aoa":true,"dist_km":11.03},"geometry":{"type":"Polygon","coordinates":[[[106.73484,-6.3149],[106.73192,-6.30276],[106.71949,-6.29971],[106.70997,-6.3088],[106.71289,-6.32093],[106.72533,-6.32398],[106.73484,-6.3149]]]}},{"type":"Feature","properties":{"h3_id":"878c10799ffffff","center_lat":-6.187617974025019,"center_lon":106.82120020335205,"in_aoa":true,"dist_km":0.0},"geometry":{"type":"Polygon","coordinates":[[[106.83363,-6.19067],[106.83071,-6.17853],[106.81828,-6.17547],[106.80877,-6.18456],[106.81169,-6.19671],[106.82412,-6.19976],[106.83363,-6.19067]]]}},{"type":"Feature","properties":{"h3_id":"878c13d34ffffff","center_lat":-6.038576939568182,"center_lon":106.72692199295527,"in_aoa":false,"dist_km":18.85},"geometry":{"type":"Polygon","coordinates":[[[106.73936,-6.04165],[106.73644,-6.02948],[106.724,-6.02641],[106.71448,-6.03551],[106.7174,-6.04768],[106.72984,-6.05075],[106.73936,-6.04165]]]}},{"type":"Feature","properties":{"h3_id":"878c12b4bffffff","center_lat":-6.066175924171909,"center_lon":106.83884699832991,"in_aoa":false,"dist_km":13.31},"geometry":{"type":"Polygon","coordinates":[[[106.85128,-6.06924],[106.84836,-6.05708],[106.83593,-6.05401],[106.82642,-6.06311],[106.82933,-6.07527],[106.84176,-6.07834],[106.85128,-6.06924]]]}},{"type":"Feature","properties":{"h3_id":"878c104c3ffffff","center_lat":-6.175754863454935,"center_lon":107.00535143215323,"in_aoa":false,"dist_km":10.75},"geometry":{"type":"Polygon","coordinates":[[[107.01776,-6.1788],[107.01486,-6.16667],[107.00245,-6.16362],[106.99294,-6.1727],[106.99585,-6.18484],[107.00826,-6.18789],[107.01776,-6.1788]]]}},{"type":"Feature","properties":{"h3_id":"878c12b62ffffff","center_lat":-6.114966886570313,"center_lon":106.94406686510658,"in_aoa":false,"dist_km":6.65},"geometry":{"type":"Polygon","coordinates":[[[106.95648,-6.11802],[106.95358,-6.10587],[106.94116,-6.10282],[106.93165,-6.11191],[106.93456,-6.12406],[106.94698,-6.12712],[106.95648,-6.11802]]]}},{"type":"Feature","properties":{"h3_id":"878c10705ffffff","center_lat":-6.402865101610154,"center_lon":106.81445851063104,"in_aoa":false,"dist_km":4.16},"geometry":{"type":"Polygon","coordinates":[[[106.82688,-6.4059],[106.82396,-6.39379],[106.81154,-6.39075],[106.80204,-6.39982],[106.80495,-6.41194],[106.81737,-6.41498],[106.82688,-6.4059]]]}},{"type":"Feature","properties":{"h3_id":"878c10790ffffff","center_lat":-6.184710621602026,"center_lon":106.90233859789994,"in_aoa":true,"dist_km":2.47},"geometry":{"type":"Polygon","coordinates":[[[106.91476,-6.18776],[106.91185,-6.17562],[106.89943,-6.17257],[106.88992,-6.18166],[106.89283,-6.1938],[106.90525,-6.19685],[106.91476,-6.18776]]]}},{"type":"Feature","properties":{"h3_id":"878c104daffffff","center_lat":-6.118097182292805,"center_lon":107.00323849076419,"in_aoa":false,"dist_km":11.58},"geometry":{"type":"Polygon","coordinates":[[[107.01565,-6.12115],[107.01275,-6.10901],[107.00033,-6.10595],[106.99082,-6.11504],[106.99373,-6.12719],[107.00614,-6.13024],[107.01565,-6.12115]]]}},{"type":"Feature","properties":{"h3_id":"878c12b6bffffff","center_lat":-6.117863096465436,"center_lon":106.86293282976162,"in_aoa":true,"dist_km":7.18},"geometry":{"type":"Polygon","coordinates":[[[106.87536,-6.12092],[106.87245,-6.10877],[106.86002,-6.10571],[106.85051,-6.1148],[106.85342,-6.12696],[106.86585,-6.13001],[106.87536,-6.12092]]]}},{"type":"Feature","properties":{"h3_id":"878c10713ffffff","center_lat":-6.3180626319024675,"center_lon":106.84083127119706,"in_aoa":true,"dist_km":6.64},"geometry":{"type":"Polygon","coordinates":[[[106.85325,-6.32111],[106.85034,-6.30898],[106.83792,-6.30594],[106.82841,-6.31502],[106.83132,-6.32714],[106.84374,-6.33019],[106.85325,-6.32111]]]}},{"type":"Feature","properties":{"h3_id":"878c1045dffffff","center_lat":-6.309082672363542,"center_lon":106.94384131109544,"in_aoa":true,"dist_km":4.78},"geometry":{"type":"Polygon","coordinates":[[[106.95625,-6.31212],[106.95335,-6.3],[106.94093,-6.29696],[106.93143,-6.30604],[106.93434,-6.31816],[106.94675,-6.3212],[106.95625,-6.31212]]]}},{"type":"Feature","properties":{"h3_id":"878c10602ffffff","center_lat":-6.254214365925329,"center_lon":106.72023780077099,"in_aoa":true,"dist_km":6.64},"geometry":{"type":"Polygon","coordinates":[[[106.73267,-6.25727],[106.72975,-6.24513],[106.71732,-6.24207],[106.7078,-6.25116],[106.71072,-6.2633],[106.72316,-6.26635],[106.73267,-6.25727]]]}},{"type":"Feature","properties":{"h3_id":"878c104ccffffff","center_lat":-6.203016826792333,"center_lon":106.97683374763348,"in_aoa":false,"dist_km":8.7},"geometry":{"type":"Polygon","coordinates":[[[106.98925,-6.20607],[106.98634,-6.19393],[106.97393,-6.19088],[106.96442,-6.19997],[106.96733,-6.2121],[106.97974,-6.21515],[106.98925,-6.20607]]]}},{"type":"Feature","properties":{"h3_id":"878c10782ffffff","center_lat":-6.211974987990512,"center_lon":106.87381078380754,"in_aoa":true,"dist_km":6.42},"geometry":{"type":"Polygon","coordinates":[[[106.88623,-6.21503],[106.88332,-6.20289],[106.8709,-6.19983],[106.86139,-6.20892],[106.8643,-6.22106],[106.87672,-6.22411],[106.88623,-6.21503]]]}},{"type":"Feature","properties":{"h3_id":"878c10696ffffff","center_lat":-6.072208755366343,"center_lon":106.81690043275857,"in_aoa":false,"dist_km":12.84},"geometry":{"type":"Polygon","coordinates":[[[106.82933,-6.07527],[106.82642,-6.06311],[106.81398,-6.06005],[106.80447,-6.06914],[106.80738,-6.08131],[106.81982,-6.08437],[106.82933,-6.07527]]]}},{"type":"Feature","properties":{"h3_id":"878c1072affffff","center_lat":-6.408901426592065,"center_lon":106.79253244986103,"in_aoa":false,"dist_km":4.93},"geometry":{"type":"Polygon","coordinates":[[[106.80495,-6.41194],[106.80204,-6.39982],[106.78962,-6.39678],[106.78011,-6.40586],[106.78303,-6.41798],[106.79545,-6.42102],[106.80495,-6.41194]]]}},{"type":"Feature","properties":{"h3_id":"878c10619ffffff","center_lat":-6.229847575252349,"center_lon":106.66756839827899,"in_aoa":true,"dist_km":10.07},"geometry":{"type":"Polygon","coordinates":[[[106.68001,-6.2329],[106.67708,-6.22076],[106.66464,-6.2177],[106.65513,-6.22679],[106.65805,-6.23894],[106.67049,-6.24199],[106.68001,-6.2329]]]}},{"type":"Feature","properties":{"h3_id":"878c106adffffff","center_lat":-6.1965468078703925,"center_lon":106.71806871681625,"in_aoa":true,"dist_km":4.25},"geometry":{"type":"Polygon","coordinates":[[[106.7305,-6.1996],[106.72758,-6.18746],[106.71515,-6.1844],[106.70563,-6.19349],[106.70855,-6.20564],[106.72099,-6.20869],[106.7305,-6.1996]]]}},{"type":"Feature","properties":{"h3_id":"878c10630ffffff","center_lat":-6.278561333659483,"center_lon":106.77288058435187,"in_aoa":true,"dist_km":8.33},"geometry":{"type":"Polygon","coordinates":[[[106.78531,-6.28161],[106.78239,-6.26948],[106.76996,-6.26643],[106.76045,-6.27551],[106.76337,-6.28765],[106.7758,-6.2907],[106.78531,-6.28161]]]}},{"type":"Feature","properties":{"h3_id":"878c12b41ffffff","center_lat":-6.090581294870039,"center_lon":106.89147037326792,"in_aoa":false,"dist_km":8.33},"geometry":{"type":"Polygon","coordinates":[[[106.90389,-6.09364],[106.90098,-6.08149],[106.88856,-6.07843],[106.87905,-6.08752],[106.88196,-6.09968],[106.89438,-6.10274],[106.90389,-6.09364]]]}},{"type":"Feature","properties":{"h3_id":"878c12b58ffffff","center_lat":-6.032850479046811,"center_lon":106.889334208026,"in_aoa":false,"dist_km":14.69},"geometry":{"type":"Polygon","coordinates":[[[106.90176,-6.03591],[106.89885,-6.02375],[106.88642,-6.02069],[106.87691,-6.02979],[106.87982,-6.04195],[106.89225,-6.04501],[106.90176,-6.03591]]]}},{"type":"Feature","properties":{"h3_id":"878c12b54ffffff","center_lat":-6.051225835108901,"center_lon":106.96387283902715,"in_aoa":false,"dist_km":13.88},"geometry":{"type":"Polygon","coordinates":[[[106.97629,-6.05429],[106.97338,-6.04213],[106.96096,-6.03907],[106.95145,-6.04816],[106.95436,-6.06032],[106.96678,-6.06338],[106.97629,-6.05429]]]}},{"type":"Feature","properties":{"h3_id":"878c106f2ffffff","center_lat":-6.15090655063846,"center_lon":106.67198225251421,"in_aoa":true,"dist_km":11.05},"geometry":{"type":"Polygon","coordinates":[[[106.68442,-6.15397],[106.6815,-6.14181],[106.66906,-6.13875],[106.65954,-6.14784],[106.66246,-6.16],[106.67491,-6.16306],[106.68442,-6.15397]]]}},{"type":"Feature","properties":{"h3_id":"878c10786ffffff","center_lat":-6.227164128116653,"center_lon":106.88914250100571,"in_aoa":true,"dist_km":6.32},"geometry":{"type":"Polygon","coordinates":[[[106.90156,-6.23021],[106.89865,-6.21808],[106.88623,-6.21503],[106.87672,-6.22411],[106.87963,-6.23625],[106.89205,-6.2393],[106.90156,-6.23021]]]}},{"type":"Feature","properties":{"h3_id":"878c10453ffffff","center_lat":-6.27579997852707,"center_lon":106.99426466775128,"in_aoa":true,"dist_km":8.97},"geometry":{"type":"Polygon","coordinates":[[[107.00667,-6.27884],[107.00377,-6.26672],[106.99136,-6.26367],[106.98186,-6.27276],[106.98476,-6.28488],[106.99717,-6.28792],[107.00667,-6.27884]]]}},{"type":"Feature","properties":{"h3_id":"878c1079dffffff","center_lat":-6.202816344257614,"center_lon":106.83654109902699,"in_aoa":true,"dist_km":2.39},"geometry":{"type":"Polygon","coordinates":[[[106.84897,-6.20587],[106.84605,-6.19373],[106.83363,-6.19067],[106.82412,-6.19976],[106.82703,-6.2119],[106.83946,-6.21496],[106.84897,-6.20587]]]}},{"type":"Feature","properties":{"h3_id":"878c1068cffffff","center_lat":-6.138844529292309,"center_lon":106.71589880167276,"in_aoa":true,"dist_km":8.62},"geometry":{"type":"Polygon","coordinates":[[[106.72834,-6.14191],[106.72542,-6.12975],[106.71298,-6.12669],[106.70346,-6.13578],[106.70638,-6.14794],[106.71882,-6.151],[106.72834,-6.14191]]]}},{"type":"Feature","properties":{"h3_id":"878c1046affffff","center_lat":-6.366638471648183,"center_lon":106.94596476222256,"in_aoa":true,"dist_km":10.42},"geometry":{"type":"Polygon","coordinates":[[[106.95837,-6.36968],[106.95547,-6.35756],[106.94306,-6.35452],[106.93356,-6.3636],[106.93646,-6.37572],[106.94887,-6.37875],[106.95837,-6.36968]]]}},{"type":"Feature","properties":{"h3_id":"878c107b4ffffff","center_lat":-6.2514920220223225,"center_lon":106.94171704654836,"in_aoa":true,"dist_km":4.37},"geometry":{"type":"Polygon","coordinates":[[[106.95413,-6.25454],[106.95122,-6.24241],[106.93881,-6.23936],[106.9293,-6.24844],[106.93221,-6.26058],[106.94462,-6.26362],[106.95413,-6.25454]]]}},{"type":"Feature","properties":{"h3_id":"878c106a3ffffff","center_lat":-6.163241138433905,"center_lon":106.76856285314626,"in_aoa":true,"dist_km":4.94},"geometry":{"type":"Polygon","coordinates":[[[106.781,-6.1663],[106.77808,-6.15415],[106.76564,-6.15109],[106.75613,-6.16018],[106.75905,-6.17233],[106.77148,-6.17539],[106.781,-6.1663]]]}},{"type":"Feature","properties":{"h3_id":"878c10626ffffff","center_lat":-6.32099350211046,"center_lon":106.75969455531936,"in_aoa":true,"dist_km":7.17},"geometry":{"type":"Polygon","coordinates":[[[106.77212,-6.32404],[106.7692,-6.31191],[106.75678,-6.30886],[106.74727,-6.31795],[106.75018,-6.33008],[106.76261,-6.33312],[106.77212,-6.32404]]]}},{"type":"Feature","properties":{"h3_id":"878c13d20ffffff","center_lat":-6.071904488983667,"center_lon":106.67639820544117,"in_aoa":false,"dist_km":17.25},"geometry":{"type":"Polygon","coordinates":[[[106.68884,-6.07497],[106.68592,-6.06281],[106.67347,-6.05974],[106.66395,-6.06884],[106.66688,-6.081],[106.67932,-6.08407],[106.68884,-6.07497]]]}},{"type":"Feature","properties":{"h3_id":"878c12b4effffff","center_lat":-6.075364186080779,"center_lon":106.87613231332251,"in_aoa":false,"dist_km":10.45},"geometry":{"type":"Polygon","coordinates":[[[106.88856,-6.07843],[106.88565,-6.06627],[106.87322,-6.06321],[106.86371,-6.0723],[106.86662,-6.08446],[106.87905,-6.08752],[106.88856,-6.07843]]]}},{"type":"Feature","properties":{"h3_id":"878c12b65ffffff","center_lat":-6.157442423916162,"center_lon":106.93086588651732,"in_aoa":true,"dist_km":2.52},"geometry":{"type":"Polygon","coordinates":[[[106.94328,-6.1605],[106.94037,-6.14835],[106.92796,-6.1453],[106.91845,-6.15439],[106.92136,-6.16653],[106.93377,-6.16959],[106.94328,-6.1605]]]}},{"type":"Feature","properties":{"h3_id":"878c10449ffffff","center_lat":-6.342360544839215,"center_lon":106.8934114379604,"in_aoa":true,"dist_km":7.4},"geometry":{"type":"Polygon","coordinates":[[[106.90583,-6.3454],[106.90292,-6.33328],[106.8905,-6.33024],[106.881,-6.33932],[106.88391,-6.35144],[106.89632,-6.35448],[106.90583,-6.3454]]]}},{"type":"Feature","properties":{"h3_id":"878c10793ffffff","center_lat":-6.169513769353684,"center_lon":106.88700680574348,"in_aoa":true,"dist_km":2.52},"geometry":{"type":"Polygon","coordinates":[[[106.89943,-6.17257],[106.89652,-6.16042],[106.8841,-6.15737],[106.87458,-6.16646],[106.8775,-6.1786],[106.88992,-6.18166],[106.89943,-6.17257]]]}},{"type":"Feature","properties":{"h3_id":"878c104ddffffff","center_lat":-6.160564418869201,"center_lon":106.9900349203127,"in_aoa":true,"dist_km":8.97},"geometry":{"type":"Polygon","coordinates":[[[107.00245,-6.16362],[106.99954,-6.15148],[106.98713,-6.14842],[106.97762,-6.15751],[106.98053,-6.16965],[106.99294,-6.1727],[107.00245,-6.16362]]]}},{"type":"Feature","properties":{"h3_id":"878c10682ffffff","center_lat":-6.105529003932648,"center_lon":106.76640274649148,"in_aoa":false,"dist_km":10.96},"geometry":{"type":"Polygon","coordinates":[[[106.77884,-6.10859],[106.77592,-6.09643],[106.76348,-6.09337],[106.75397,-6.10247],[106.75689,-6.11462],[106.76932,-6.11769],[106.77884,-6.10859]]]}},{"type":"Feature","properties":{"h3_id":"878c13d26ffffff","center_lat":-6.065874498654652,"center_lon":106.69836263784893,"in_aoa":false,"dist_km":16.78},"geometry":{"type":"Polygon","coordinates":[[[106.71081,-6.06894],[106.70788,-6.05678],[106.69544,-6.05371],[106.68592,-6.06281],[106.68884,-6.07497],[106.70129,-6.07804],[106.71081,-6.06894]]]}},{"type":"Feature","properties":{"h3_id":"878c10716ffffff","center_lat":-6.327195609048696,"center_lon":106.87808602048027,"in_aoa":true,"dist_km":6.64},"geometry":{"type":"Polygon","coordinates":[[[106.8905,-6.33024],[106.88759,-6.31811],[106.87518,-6.31507],[106.86567,-6.32415],[106.86858,-6.33628],[106.881,-6.33932],[106.8905,-6.33024]]]}},{"type":"Feature","properties":{"h3_id":"878c10605ffffff","center_lat":-6.296662162850298,"center_lon":106.70705327074366,"in_aoa":true,"dist_km":11.44},"geometry":{"type":"Polygon","coordinates":[[[106.71949,-6.29971],[106.71657,-6.28758],[106.70413,-6.28453],[106.69462,-6.29361],[106.69754,-6.30575],[106.70997,-6.3088],[106.71949,-6.29971]]]}},{"type":"Feature","properties":{"h3_id":"878c107aaffffff","center_lat":-6.260456886233303,"center_lon":106.83868659595025,"in_aoa":true,"dist_km":8.33},"geometry":{"type":"Polygon","coordinates":[[[106.85111,-6.26351],[106.8482,-6.25137],[106.83577,-6.24832],[106.82626,-6.25741],[106.82918,-6.26954],[106.8416,-6.27259],[106.85111,-6.26351]]]}},{"type":"Feature","properties":{"h3_id":"878c10699ffffff","center_lat":-6.081107616226732,"center_lon":106.71372805486888,"in_aoa":false,"dist_km":14.6},"geometry":{"type":"Polygon","coordinates":[[[106.72617,-6.08417],[106.72325,-6.07201],[106.71081,-6.06894],[106.70129,-6.07804],[106.70421,-6.0902],[106.71665,-6.09327],[106.72617,-6.08417]]]}},{"type":"Feature","properties":{"h3_id":"878c1061cffffff","center_lat":-6.239017339928012,"center_lon":106.70488186094042,"in_aoa":true,"dist_km":6.7},"geometry":{"type":"Polygon","coordinates":[[[106.71732,-6.24207],[106.7144,-6.22993],[106.70196,-6.22687],[106.69245,-6.23596],[106.69537,-6.24811],[106.7078,-6.25116],[106.71732,-6.24207]]]}},{"type":"Feature","properties":{"h3_id":"878c106b0ffffff","center_lat":-6.129930667014677,"center_lon":106.81905072998411,"in_aoa":false,"dist_km":6.42},"geometry":{"type":"Polygon","coordinates":[[[106.83148,-6.13299],[106.82856,-6.12084],[106.81613,-6.11778],[106.80662,-6.12687],[106.80954,-6.13902],[106.82197,-6.14208],[106.83148,-6.13299]]]}},{"type":"Feature","properties":{"h3_id":"878c10633ffffff","center_lat":-6.263373523786428,"center_lon":106.7575337758048,"in_aoa":true,"dist_km":6.42},"geometry":{"type":"Polygon","coordinates":[[[106.76996,-6.26643],[106.76705,-6.25429],[106.75462,-6.25123],[106.7451,-6.26032],[106.74802,-6.27246],[106.76045,-6.27551],[106.76996,-6.26643]]]}},{"type":"Feature","properties":{"h3_id":"878c12b44ffffff","center_lat":-6.099758988090015,"center_lon":106.92873801100876,"in_aoa":false,"dist_km":7.42},"geometry":{"type":"Polygon","coordinates":[[[106.94116,-6.10282],[106.93825,-6.09067],[106.92583,-6.08761],[106.91632,-6.0967],[106.91923,-6.10885],[106.93165,-6.11191],[106.94116,-6.10282]]]}},{"type":"Feature","properties":{"h3_id":"878c106f5ffffff","center_lat":-6.193400167577105,"center_lon":106.65879570671554,"in_aoa":true,"dist_km":10.76},"geometry":{"type":"Polygon","coordinates":[[[106.67124,-6.19646],[106.66831,-6.18431],[106.65587,-6.18125],[106.64635,-6.19034],[106.64928,-6.20249],[106.66172,-6.20555],[106.67124,-6.19646]]]}},{"type":"Feature","properties":{"h3_id":"878c10789ffffff","center_lat":-6.2361141334421974,"center_lon":106.78606903228307,"in_aoa":true,"dist_km":4.79},"geometry":{"type":"Polygon","coordinates":[[[106.7985,-6.23917],[106.79558,-6.22703],[106.78315,-6.22397],[106.77364,-6.23306],[106.77656,-6.2452],[106.78899,-6.24825],[106.7985,-6.23917]]]}},{"type":"Feature","properties":{"h3_id":"878c12b72ffffff","center_lat":-6.066440918808854,"center_lon":106.97919870628682,"in_aoa":false,"dist_km":13.3},"geometry":{"type":"Polygon","coordinates":[[[106.99162,-6.0695],[106.98871,-6.05735],[106.97629,-6.05429],[106.96678,-6.06338],[106.96969,-6.07554],[106.98211,-6.07859],[106.99162,-6.0695]]]}},{"type":"Feature","properties":{"h3_id":"878c12a61ffffff","center_lat":-6.035718989806124,"center_lon":106.80814943110921,"in_aoa":false,"dist_km":16.95},"geometry":{"type":"Polygon","coordinates":[[[106.82058,-6.03879],[106.81767,-6.02662],[106.80523,-6.02355],[106.79571,-6.03265],[106.79863,-6.04482],[106.81107,-6.04788],[106.82058,-6.03879]]]}},{"type":"Feature","properties":{"h3_id":"878c1070cffffff","center_lat":-6.393742193654266,"center_lon":106.77719500921249,"in_aoa":false,"dist_km":4.37},"geometry":{"type":"Polygon","coordinates":[[[106.78962,-6.39678],[106.7867,-6.38466],[106.77428,-6.38162],[106.76477,-6.3907],[106.76769,-6.40282],[106.78011,-6.40586],[106.78962,-6.39678]]]}},{"type":"Feature","properties":{"h3_id":"878c107a0ffffff","center_lat":-6.28477974836728,"center_lon":106.89127737825669,"in_aoa":true,"dist_km":2.51},"geometry":{"type":"Polygon","coordinates":[[[106.90369,-6.28783],[106.90078,-6.2757],[106.88837,-6.27265],[106.87886,-6.28173],[106.88177,-6.29386],[106.89419,-6.29691],[106.90369,-6.28783]]]}},{"type":"Feature","properties":{"h3_id":"878c104eaffffff","center_lat":-6.2181995527440534,"center_lon":106.99215019913876,"in_aoa":true,"dist_km":11.02},"geometry":{"type":"Polygon","coordinates":[[[107.00456,-6.22125],[107.00166,-6.20911],[106.98925,-6.20607],[106.97974,-6.21515],[106.98265,-6.22728],[106.99506,-6.23033],[107.00456,-6.22125]]]}},{"type":"Feature","properties":{"h3_id":"878c1046dffffff","center_lat":-6.4090158348240545,"center_lon":106.93277432007747,"in_aoa":false,"dist_km":14.65},"geometry":{"type":"Polygon","coordinates":[[[106.94518,-6.41205],[106.94228,-6.39994],[106.92987,-6.3969],[106.92037,-6.40598],[106.92327,-6.41809],[106.93568,-6.42113],[106.94518,-6.41205]]]}},{"type":"Feature","properties":{"h3_id":"878c10612ffffff","center_lat":-6.205718731651489,"center_lon":106.75537216845683,"in_aoa":true,"dist_km":0.0},"geometry":{"type":"Polygon","coordinates":[[[106.7678,-6.20877],[106.76489,-6.19663],[106.75245,-6.19357],[106.74294,-6.20266],[106.74586,-6.21481],[106.75829,-6.21786],[106.7678,-6.20877]]]}},{"type":"Feature","properties":{"h3_id":"878c106a6ffffff","center_lat":-6.172415247861424,"center_lon":106.80585623801271,"in_aoa":true,"dist_km":2.4},"geometry":{"type":"Polygon","coordinates":[[[106.81828,-6.17547],[106.81537,-6.16332],[106.80294,-6.16027],[106.79343,-6.16936],[106.79634,-6.18151],[106.80877,-6.18456],[106.81828,-6.17547]]]}},{"type":"Feature","properties":{"h3_id":"878c106a9ffffff","center_lat":-6.181337731012088,"center_lon":106.7027096191716,"in_aoa":true,"dist_km":6.42},"geometry":{"type":"Polygon","coordinates":[[[106.71515,-6.1844],[106.71223,-6.17225],[106.69979,-6.16919],[106.69027,-6.17828],[106.69319,-6.19043],[106.70563,-6.19349],[106.71515,-6.1844]]]}},{"type":"Feature","properties":{"h3_id":"878c13d23ffffff","center_lat":-6.056666552459819,"center_lon":106.66102672389658,"in_aoa":false,"dist_km":19.58},"geometry":{"type":"Polygon","coordinates":[[[106.67347,-6.05974],[106.67055,-6.04757],[106.6581,-6.0445],[106.64858,-6.0536],[106.65151,-6.06577],[106.66395,-6.06884],[106.67347,-6.05974]]]}},{"type":"Feature","properties":{"h3_id":"878c106d4ffffff","center_lat":-6.135684454304321,"center_lon":106.65661398609633,"in_aoa":false,"dist_km":13.41},"geometry":{"type":"Polygon","coordinates":[[[106.66906,-6.13875],[106.66613,-6.12659],[106.65369,-6.12352],[106.64417,-6.13262],[106.64709,-6.14478],[106.65954,-6.14784],[106.66906,-6.13875]]]}},{"type":"Feature","properties":{"h3_id":"878c12b51ffffff","center_lat":-6.042041010715317,"center_lon":106.92660931983927,"in_aoa":false,"dist_km":13.64},"geometry":{"type":"Polygon","coordinates":[[[106.93903,-6.0451],[106.93612,-6.03294],[106.9237,-6.02988],[106.91419,-6.03898],[106.9171,-6.05114],[106.92952,-6.0542],[106.93903,-6.0451]]]}},{"type":"Feature","properties":{"h3_id":"878c104c9ffffff","center_lat":-6.19386660567369,"center_lon":106.93959196811966,"in_aoa":true,"dist_km":4.79},"geometry":{"type":"Polygon","coordinates":[[[106.95201,-6.19692],[106.9491,-6.18478],[106.93668,-6.18173],[106.92718,-6.19082],[106.93008,-6.20295],[106.9425,-6.206],[106.95201,-6.19692]]]}},{"type":"Feature","properties":{"h3_id":"878c10615ffffff","center_lat":-6.248181354016291,"center_lon":106.74218390563668,"in_aoa":true,"dist_km":4.94},"geometry":{"type":"Polygon","coordinates":[[[106.75462,-6.25123],[106.7517,-6.23909],[106.73926,-6.23604],[106.72975,-6.24513],[106.73267,-6.25727],[106.7451,-6.26032],[106.75462,-6.25123]]]}},{"type":"Feature","properties":{"h3_id":"878c12b68ffffff","center_lat":-6.133072513734516,"center_lon":106.87827081315777,"in_aoa":false,"dist_km":4.79},"geometry":{"type":"Polygon","coordinates":[[[106.89069,-6.13613],[106.88778,-6.12398],[106.87536,-6.12092],[106.86585,-6.13001],[106.86876,-6.14216],[106.88118,-6.14522],[106.89069,-6.13613]]]}},{"type":"Feature","properties":{"h3_id":"878c10702ffffff","center_lat":-6.360471409296399,"center_lon":106.82764368498205,"in_aoa":false,"dist_km":2.51},"geometry":{"type":"Polygon","coordinates":[[[106.84006,-6.36351],[106.83715,-6.35139],[106.82473,-6.34835],[106.81522,-6.35743],[106.81814,-6.36955],[106.83056,-6.37259],[106.84006,-6.36351]]]}},{"type":"Feature","properties":{"h3_id":"878c1044cffffff","center_lat":-6.351482821723021,"center_lon":106.93064853650212,"in_aoa":true,"dist_km":8.31},"geometry":{"type":"Polygon","coordinates":[[[106.94306,-6.35452],[106.94015,-6.3424],[106.92774,-6.33936],[106.91824,-6.34844],[106.92115,-6.36056],[106.93356,-6.3636],[106.94306,-6.35452]]]}},{"type":"Feature","properties":{"h3_id":"878c10796ffffff","center_lat":-6.1786746263566785,"center_lon":106.92426629870951,"in_aoa":false,"dist_km":2.39},"geometry":{"type":"Polygon","coordinates":[[[106.93668,-6.18173],[106.93377,-6.16959],[106.92136,-6.16653],[106.91185,-6.17562],[106.91476,-6.18776],[106.92718,-6.19082],[106.93668,-6.18173]]]}},{"type":"Feature","properties":{"h3_id":"878c10685ffffff","center_lat":-6.148029211255749,"center_lon":106.75320973280576,"in_aoa":true,"dist_km":6.42},"geometry":{"type":"Polygon","coordinates":[[[106.76564,-6.15109],[106.76273,-6.13894],[106.75029,-6.13587],[106.74077,-6.14497],[106.74369,-6.15712],[106.75613,-6.16018],[106.76564,-6.15109]]]}},{"type":"Feature","properties":{"h3_id":"878c10719ffffff","center_lat":-6.3361692231326705,"center_lon":106.77503820984096,"in_aoa":true,"dist_km":4.78},"geometry":{"type":"Polygon","coordinates":[[[106.78746,-6.33922],[106.78455,-6.32709],[106.77212,-6.32404],[106.76261,-6.33312],[106.76553,-6.34525],[106.77795,-6.3483],[106.78746,-6.33922]]]}},{"type":"Feature","properties":{"h3_id":"878c107adffffff","center_lat":-6.302888430574111,"center_lon":106.82549668038422,"in_aoa":true,"dist_km":7.4},"geometry":{"type":"Polygon","coordinates":[[[106.83792,-6.30594],[106.835,-6.29381],[106.82258,-6.29076],[106.81307,-6.29984],[106.81599,-6.31197],[106.82841,-6.31502],[106.83792,-6.30594]]]}},{"type":"Feature","properties":{"h3_id":"878c10692ffffff","center_lat":-6.056981957166027,"center_lon":106.80155015574458,"in_aoa":false,"dist_km":14.69},"geometry":{"type":"Polygon","coordinates":[[[106.81398,-6.06005],[106.81107,-6.04788],[106.79863,-6.04482],[106.78912,-6.05392],[106.79203,-6.06608],[106.80447,-6.06914],[106.81398,-6.06005]]]}},{"type":"Feature","properties":{"h3_id":"878c1069cffffff","center_lat":-6.090305048534534,"center_lon":106.75104646838157,"in_aoa":false,"dist_km":12.84},"geometry":{"type":"Polygon","coordinates":[[[106.76348,-6.09337],[106.76056,-6.08121],[106.74813,-6.07814],[106.73861,-6.08724],[106.74153,-6.0994],[106.75397,-6.10247],[106.76348,-6.09337]]]}},{"type":"Feature","properties":{"h3_id":"878c104edffffff","center_lat":-6.260629360045652,"center_lon":106.97895136278841,"in_aoa":true,"dist_km":7.54},"geometry":{"type":"Polygon","coordinates":[[[106.99136,-6.26367],[106.98846,-6.25155],[106.97605,-6.2485],[106.96654,-6.25758],[106.96945,-6.26971],[106.98186,-6.27276],[106.99136,-6.26367]]]}},{"type":"Feature","properties":{"h3_id":"878c107a3ffffff","center_lat":-6.269602700411171,"center_lon":106.87594881154051,"in_aoa":true,"dist_km":4.24},"geometry":{"type":"Polygon","coordinates":[[[106.88837,-6.27265],[106.88546,-6.26052],[106.87304,-6.25747],[106.86353,-6.26655],[106.86644,-6.27869],[106.87886,-6.28173],[106.88837,-6.27265]]]}},{"type":"Feature","properties":{"h3_id":"878c10730ffffff","center_lat":-6.384753628904579,"center_lon":106.88022241109114,"in_aoa":false,"dist_km":8.48},"geometry":{"type":"Polygon","coordinates":[[[106.89264,-6.38779],[106.88973,-6.37568],[106.87731,-6.37264],[106.86781,-6.38171],[106.87072,-6.39383],[106.88313,-6.39687],[106.89264,-6.38779]]]}},{"type":"Feature","properties":{"h3_id":"878c106b3ffffff","center_lat":-6.114715894653795,"center_lon":106.80370360943172,"in_aoa":false,"dist_km":8.33},"geometry":{"type":"Polygon","coordinates":[[[106.81613,-6.11778],[106.81322,-6.10562],[106.80079,-6.10256],[106.79127,-6.11165],[106.79419,-6.12381],[106.80662,-6.12687],[106.81613,-6.11778]]]}},{"type":"Feature","properties":{"h3_id":"878c10636ffffff","center_lat":-6.272526915936821,"center_lon":106.79481829650688,"in_aoa":true,"dist_km":8.61},"geometry":{"type":"Polygon","coordinates":[[[106.80724,-6.27558],[106.80433,-6.26344],[106.7919,-6.26039],[106.78239,-6.26948],[106.78531,-6.28161],[106.79773,-6.28466],[106.80724,-6.27558]]]}},{"type":"Feature","properties":{"h3_id":"878c10459ffffff","center_lat":-6.293914892693038,"center_lon":106.92852193872373,"in_aoa":true,"dist_km":2.39},"geometry":{"type":"Polygon","coordinates":[[[106.94093,-6.29696],[106.93803,-6.28483],[106.92561,-6.28179],[106.91611,-6.29087],[106.91902,-6.303],[106.93143,-6.30604],[106.94093,-6.29696]]]}},{"type":"Feature","properties":{"h3_id":"878c12a64ffffff","center_lat":-6.044916933687121,"center_lon":106.84544696218036,"in_aoa":false,"dist_km":14.94},"geometry":{"type":"Polygon","coordinates":[[[106.85788,-6.04798],[106.85496,-6.03582],[106.84253,-6.03275],[106.83302,-6.04185],[106.83593,-6.05401],[106.84836,-6.05708],[106.85788,-6.04798]]]}},{"type":"Feature","properties":{"h3_id":"878c10442ffffff","center_lat":-6.318207119930268,"center_lon":106.98106816694454,"in_aoa":true,"dist_km":8.69},"geometry":{"type":"Polygon","coordinates":[[[106.99347,-6.32125],[106.99057,-6.30913],[106.97816,-6.30609],[106.96866,-6.31517],[106.97157,-6.32729],[106.98397,-6.33033],[106.99347,-6.32125]]]}},{"type":"Feature","properties":{"h3_id":"878c1078cffffff","center_lat":-6.245270590411747,"center_lon":106.82334885332978,"in_aoa":true,"dist_km":6.42},"geometry":{"type":"Polygon","coordinates":[[[106.83577,-6.24832],[106.83286,-6.23618],[106.82043,-6.23313],[106.81092,-6.24222],[106.81384,-6.25436],[106.82626,-6.25741],[106.83577,-6.24832]]]}},{"type":"Feature","properties":{"h3_id":"878c12b75ffffff","center_lat":-6.10893095316554,"center_lon":106.96599405886894,"in_aoa":false,"dist_km":8.75},"geometry":{"type":"Polygon","coordinates":[[[106.97841,-6.11199],[106.9755,-6.09984],[106.96309,-6.09678],[106.95358,-6.10587],[106.95648,-6.11802],[106.9689,-6.12108],[106.97841,-6.11199]]]}}]}